pH,Turbidity,Temperature,TDS,Outbreak
7.48,9.78,20.21,382.74,1
5.86,4.99,28.38,492.24,1
6.33,4.01,25.61,87.32,1
8.42,2.73,32.81,281.2,0
6.47,4.4,37.87,388.27,1
8.98,1.76,30.38,417.33,1
8.36,4.21,28.16,475.38,1
7.38,5.96,36.88,71.11,1
6.23,6.67,23.19,217.41,1
7.8,9.75,21.26,311.32,1
8.21,9.81,23.21,194.84,1
7.43,5.12,26.16,478.48,1
8.54,2.54,35.98,488.52,1
7.6,6.61,20.83,355.42,1
6.94,6.03,23.83,494.1,1
6.57,6.63,28.48,150.08,1
6.62,7.15,20.96,291.88,1
7.28,8.73,20.89,429.52,1
6.95,9.95,23.8,357.2,1
6.65,7.09,29.03,172.25,1
7.22,6.39,23.26,255.46,1
6.56,9.98,24.07,165.68,1
5.68,5.31,31.67,163.51,1
7.22,2.29,24.88,396.86,1
7.25,4.05,23.84,472.89,1
8.67,1.03,35.77,201.2,0
8.83,7.19,26.37,382.1,1
6.99,7.37,38.98,150.11,1
6.99,4.82,31.3,309.53,1
7.53,7.1,25.03,481.62,1
7.05,2.56,26.86,404.91,1
8.7,9.34,28.27,202.43,1
5.85,5.94,34.74,375.23,1
7.97,9.4,20.1,383.67,1
7.63,6.32,26.01,369.81,1
7.05,9.16,27.49,162.73,1
6.04,6.41,35.14,411.78,1
8.19,9.29,31.19,217.51,1
6.25,7.92,22.64,74.03,1
6.47,2.76,39.53,136.06,1
8.57,8.81,33.87,377.08,1
6.12,7.77,20.24,131.61,1
7.48,1.01,29.64,249.8,0
8.41,3.1,33.82,228.22,0
6.73,4.46,36.98,443.13,1
7.41,6.78,27.67,74.41,1
7.76,7.62,21.07,211.53,1
7.23,2.1,29.6,398.13,1
8.2,9.57,32.79,466.89,1
5.63,1.69,37.29,407.58,1
8.28,1.16,29.48,390.13,1
8.55,8.4,23.27,423.16,1
5.72,3.8,24.52,387.73,1
8.53,9.08,33.69,367.56,1
7.11,9.46,37.53,236.34,1
7.46,9.34,38.31,131.11,1
6.91,1.67,20.53,372.23,1
6.33,3.81,31.41,325.67,1
6.64,9.46,25.55,456.47,1
8.25,4.49,38.66,425.9,1
6.64,5.71,22.7,357.08,1
7.44,5.4,29.57,393.24,1
8.61,4.32,23.49,494.93,1
5.55,2.22,26.45,276.42,1
6.53,7.22,20.29,265.29,1
8.38,6.32,23.38,205.67,1
7.13,6.64,29.71,163.51,1
8.23,3.26,35.36,498.27,1
7.45,4.96,20.22,219.86,0
8.49,1.0,26.92,90.02,0
5.74,2.64,20.98,459.32,1
5.78,9.3,33.14,370.44,1
7.55,7.63,38.05,88.72,1
7.31,7.24,24.96,258.29,1
7.86,6.63,39.63,159.48,1
7.02,5.33,27.75,137.33,1
6.04,9.01,28.26,367.71,1
6.58,7.42,29.38,72.79,1
7.33,2.93,27.21,130.55,0
7.82,9.72,38.4,356.43,1
7.39,1.09,23.91,496.22,1
7.42,4.19,27.57,351.27,1
8.99,3.68,21.02,473.79,1
8.37,8.29,21.08,234.41,1
8.17,9.82,28.43,427.55,1
7.15,8.95,23.3,248.3,1
8.67,4.27,32.0,142.62,0
6.11,3.97,20.17,352.72,1
7.38,5.05,22.52,397.07,1
8.18,7.61,36.58,280.0,1
8.65,8.82,39.75,313.2,1
8.38,1.44,30.58,345.05,1
7.47,9.42,35.21,71.31,1
8.42,4.22,36.29,425.52,1
6.52,1.88,31.53,400.11,1
8.94,2.81,28.14,288.6,0
6.54,3.95,20.1,176.62,1
8.1,5.62,24.86,214.81,1
6.89,3.58,23.33,489.87,1
7.41,3.43,21.9,484.65,1
7.03,1.24,24.24,75.48,0
8.79,1.39,37.23,256.72,0
8.25,6.28,27.08,377.86,1
7.71,9.31,20.22,310.2,1
8.47,1.11,28.94,152.92,0
5.71,1.44,26.34,451.39,1
6.54,8.95,37.64,489.39,1
5.71,7.87,36.29,263.4,1
7.3,5.05,28.04,339.61,1
6.49,8.85,38.18,124.41,1
8.96,5.09,33.4,307.21,1
6.49,8.46,31.59,317.33,1
5.7,6.31,36.77,378.26,1
8.41,2.37,36.83,137.78,0
6.5,4.8,35.94,345.65,1
6.51,8.0,26.68,320.42,1
7.27,9.01,38.05,110.69,1
8.19,8.76,23.46,355.48,1
7.81,5.85,20.28,150.37,1
8.77,7.28,26.77,174.29,1
8.03,3.49,20.7,81.78,0
8.32,6.11,32.48,307.89,1
8.43,8.22,26.43,60.7,1
5.96,3.13,28.69,80.74,1
6.84,9.22,34.06,283.77,1
8.4,6.17,23.55,204.8,1
7.68,3.42,34.84,450.67,1
6.27,6.77,23.69,466.27,1
6.6,6.29,39.83,156.4,1
6.66,1.3,36.81,499.18,1
6.03,8.19,24.75,467.57,1
7.34,8.14,20.19,440.43,1
6.7,9.13,28.78,245.24,1
5.69,3.14,28.48,154.72,1
8.28,4.01,25.74,81.04,0
5.97,4.06,37.03,225.83,1
7.05,7.05,31.42,209.48,1
8.06,4.44,24.12,169.42,0
8.54,8.28,22.23,474.7,1
7.37,2.91,23.63,257.16,0
7.7,4.11,35.13,222.71,0
8.56,6.91,35.59,345.41,1
8.95,1.14,30.78,60.4,0
5.94,3.18,35.8,148.98,1
6.84,6.62,31.64,87.68,1
7.62,4.97,37.19,248.04,0
7.1,2.57,26.48,255.99,0
6.75,4.37,31.9,428.01,1
8.68,5.53,24.81,397.02,1
7.61,5.36,26.96,320.13,1
8.8,1.83,34.45,472.11,1
8.49,9.0,30.3,357.03,1
8.71,8.23,25.46,391.81,1
8.95,2.71,38.01,387.58,1
6.51,4.26,37.0,145.08,1
5.86,7.53,27.72,450.87,1
6.85,4.67,33.98,245.06,0
6.15,7.44,32.72,259.76,1
8.11,8.19,34.79,126.93,1
7.78,5.06,23.21,242.52,1
8.49,7.55,24.24,79.42,1
6.21,8.78,33.54,292.78,1
8.69,3.03,24.84,287.03,0
5.79,8.3,23.89,419.49,1
7.3,9.87,21.22,97.08,1
7.84,4.7,25.17,491.65,1
8.46,3.54,35.29,406.02,1
7.97,6.98,34.76,87.77,1
7.72,1.31,22.07,125.63,0
5.6,1.84,27.6,57.3,1
7.39,2.94,29.77,469.38,1
7.77,1.76,39.34,450.04,1
5.96,7.71,25.77,470.52,1
8.58,8.4,20.67,62.54,1
6.93,2.74,21.4,417.71,1
8.83,9.7,33.32,303.03,1
7.2,7.04,39.74,168.32,1
7.52,2.2,35.11,480.51,1
8.5,1.34,26.44,220.02,0
6.33,4.33,20.94,405.05,1
6.5,6.15,33.76,439.45,1
8.06,5.66,30.7,333.7,1
8.37,2.3,37.27,64.39,0
8.79,9.47,29.07,289.71,1
7.27,1.25,21.86,308.76,1
8.09,4.41,25.62,371.14,1
7.47,9.68,37.6,135.3,1
7.97,8.03,23.08,72.62,1
7.66,9.12,20.4,461.54,1
7.7,2.0,33.99,207.47,0
8.16,9.88,35.41,134.12,1
7.84,1.65,24.04,150.3,0
6.91,5.28,21.22,422.25,1
5.8,4.07,36.76,378.56,1
7.83,8.31,36.55,215.77,1
5.54,5.77,37.0,330.49,1
6.63,2.03,29.25,70.4,1
6.69,3.18,33.99,465.51,1
8.18,5.75,23.36,74.54,1
6.63,3.31,34.87,189.66,1
6.17,6.15,33.93,436.55,1
7.98,8.7,35.8,349.47,1
8.09,3.6,24.43,107.53,0
5.5,1.96,35.82,86.49,1
6.87,5.03,24.82,116.96,1
6.19,9.12,33.28,159.13,1
7.72,8.28,28.6,285.61,1
8.23,8.28,36.16,240.81,1
7.72,8.73,35.16,309.06,1
8.85,4.56,34.6,130.44,0
7.81,8.75,25.94,209.57,1
7.67,7.6,26.55,55.28,1
7.62,4.94,21.78,123.21,0
6.83,4.65,39.08,122.18,0
5.69,7.73,35.33,272.57,1
8.21,4.34,20.74,496.97,1
6.19,9.65,28.96,285.01,1
7.64,3.02,33.71,214.92,0
7.81,6.47,39.87,202.31,1
8.68,6.67,33.13,301.32,1
5.64,3.34,32.4,266.58,1
7.49,9.51,31.86,348.04,1
8.9,5.54,35.6,328.99,1
6.55,8.25,21.62,56.41,1
6.66,9.46,20.89,448.98,1
6.86,6.99,35.15,160.74,1
6.02,1.6,24.24,233.75,1
6.94,2.65,24.98,176.67,0
8.59,6.79,26.36,145.77,1
8.26,5.94,33.96,391.91,1
6.54,9.95,31.54,219.32,1
8.04,8.93,34.28,406.51,1
7.28,2.72,31.93,220.03,0
6.26,2.49,21.02,404.74,1
7.64,2.34,27.04,353.25,1
5.7,1.27,21.45,62.69,1
7.71,3.84,30.31,465.9,1
6.61,2.65,27.31,447.04,1
8.33,1.93,23.77,64.13,0
7.37,4.38,29.2,207.1,0
6.37,7.74,26.66,485.38,1
7.1,5.9,20.36,443.34,1
5.96,2.38,20.72,403.58,1
8.77,2.11,34.26,213.06,0
5.76,5.12,23.36,231.15,1
6.57,2.53,28.59,112.94,1
6.89,5.92,20.21,232.89,1
6.97,3.81,21.23,191.55,0
6.34,5.56,33.21,139.67,1
7.87,9.73,26.87,374.21,1
6.86,5.28,38.43,73.28,1
5.81,6.66,34.59,105.92,1
7.3,1.28,32.07,441.24,1
7.15,3.05,37.95,146.17,0
6.24,8.13,20.36,411.76,1
8.56,8.16,24.03,206.64,1
7.35,4.44,24.6,386.49,1
7.08,8.69,24.88,139.41,1
7.51,3.32,32.35,337.93,1
5.56,9.41,21.28,408.57,1
6.32,5.2,35.71,261.68,1
7.67,8.78,25.25,169.28,1
6.22,9.8,26.82,66.17,1
6.89,1.41,36.58,334.12,1
6.85,8.13,34.34,143.66,1
6.78,1.83,21.59,156.36,1
5.85,6.52,22.41,79.36,1
7.06,7.88,29.18,447.04,1
8.97,8.06,31.88,302.22,1
8.67,5.61,28.47,397.63,1
5.99,5.92,37.63,172.33,1
5.77,2.17,29.89,464.39,1
8.3,4.48,34.89,88.34,0
6.81,8.64,22.96,109.39,1
7.63,9.48,38.79,192.69,1
7.66,7.64,29.74,357.23,1
7.7,4.23,34.64,294.38,0
7.2,4.07,23.48,182.8,0
8.41,6.04,29.56,225.28,1
7.32,4.97,27.68,323.79,1
7.28,7.61,30.84,214.08,1
6.74,9.86,24.65,414.69,1
6.24,1.1,30.45,356.67,1
6.48,6.84,26.37,164.43,1
7.23,1.65,34.27,159.93,0
6.19,3.95,25.06,177.16,1
8.1,2.39,24.87,177.16,0
6.91,7.24,39.96,93.7,1
8.97,2.45,34.82,380.99,1
7.91,1.8,35.89,391.98,1
5.91,7.12,32.41,150.02,1
6.86,7.33,20.65,275.07,1
5.61,4.32,28.83,488.68,1
6.82,8.76,38.6,419.17,1
8.92,9.08,27.79,472.87,1
8.56,7.77,27.65,357.03,1
7.79,1.87,24.67,157.83,0
7.67,2.73,38.15,73.88,0
6.13,2.13,27.36,338.77,1
7.73,8.43,31.19,148.48,1
6.6,4.48,32.98,187.53,1
7.04,2.96,36.68,82.87,0
5.57,4.79,35.38,141.2,1
7.94,4.59,26.26,255.15,0
8.87,9.16,27.62,317.72,1
5.89,8.78,27.3,463.82,1
8.75,8.35,37.18,395.29,1
8.35,5.28,37.89,66.99,1
7.04,6.19,26.91,94.78,1
7.64,2.5,31.36,495.43,1
6.99,6.11,35.7,63.73,1
6.16,8.82,27.03,289.93,1
6.24,7.58,27.33,371.83,1
7.3,3.26,22.25,438.69,1
6.39,1.95,37.6,283.66,1
8.28,6.38,33.94,55.86,1
6.78,6.2,28.16,414.91,1
8.11,1.28,25.78,229.27,0
7.48,1.32,30.97,416.37,1
6.81,6.66,23.05,368.02,1
6.05,5.11,29.49,372.75,1
6.11,1.5,25.8,127.25,1
7.64,4.2,38.43,454.51,1
5.51,8.05,39.67,106.87,1
7.25,7.51,39.88,264.92,1
6.36,2.86,29.47,250.57,1
6.07,7.23,34.04,341.04,1
8.68,1.98,34.84,311.48,1
8.25,1.02,24.54,51.76,0
6.3,8.32,28.92,99.52,1
7.15,8.01,25.49,297.8,1
6.37,6.26,26.08,386.09,1
8.33,1.07,29.26,247.1,0
7.88,2.64,39.56,437.13,1
7.17,8.34,29.17,467.3,1
8.27,4.8,36.29,112.94,0
7.45,6.37,28.97,205.25,1
8.89,4.96,22.31,458.62,1
7.08,5.82,35.58,344.52,1
7.67,8.31,32.98,78.61,1
5.57,4.3,20.28,295.55,1
8.7,6.36,28.78,393.5,1
8.13,2.03,31.71,478.11,1
6.69,7.11,22.8,89.47,1
8.43,7.39,35.55,212.26,1
6.36,9.1,32.74,323.3,1
7.14,1.43,22.28,56.82,0
8.26,7.04,20.22,135.14,1
8.53,7.72,39.07,231.02,1
8.57,4.35,27.76,219.23,0
6.49,9.21,39.1,347.13,1
8.56,6.69,35.09,418.55,1
7.44,8.74,23.29,389.69,1
8.39,2.59,24.48,406.94,1
6.28,7.9,35.5,76.31,1
6.35,3.29,24.45,350.7,1
8.55,8.51,29.63,335.29,1
6.53,2.26,29.46,80.85,1
6.49,7.69,35.17,445.83,1
8.17,1.46,39.51,478.0,1
7.25,7.34,29.96,53.16,1
6.34,8.88,23.89,434.68,1
6.06,6.89,24.87,243.97,1
5.68,4.43,22.63,420.03,1
7.63,2.41,38.66,145.33,0
6.58,6.43,31.86,337.65,1
6.6,6.59,20.08,350.65,1
6.19,9.02,26.26,410.14,1
6.43,4.47,23.32,323.25,1
8.75,6.92,26.13,445.45,1
6.17,2.97,22.11,494.57,1
6.22,3.67,38.11,116.15,1
7.45,8.18,34.23,239.43,1
7.61,6.58,29.62,427.72,1
8.94,7.73,23.8,206.51,1
7.02,3.9,37.18,242.06,0
7.85,9.52,24.61,239.56,1
7.26,5.86,23.15,404.48,1
7.08,2.89,28.21,82.33,0
7.72,4.66,22.72,409.0,1
7.06,8.77,30.58,126.22,1
8.71,4.34,28.32,337.16,1
6.62,7.29,29.58,349.56,1
7.99,4.44,25.17,215.53,0
5.53,2.47,20.07,188.28,1
6.77,7.89,29.79,190.57,1
7.34,8.57,24.85,372.12,1
7.08,1.75,27.72,98.69,0
8.97,5.17,29.98,297.25,1
6.11,7.14,34.13,475.47,1
7.2,3.94,28.16,129.47,0
6.56,2.62,39.08,479.88,1
8.54,5.56,36.63,134.84,1
5.54,8.97,30.2,362.4,1
8.41,2.5,24.3,218.5,0
6.21,1.59,36.61,456.33,1
5.87,1.13,33.58,315.6,1
7.73,5.45,24.41,299.06,1
7.18,5.42,35.0,460.5,1
7.95,4.04,25.08,472.14,1
5.77,3.93,35.75,69.09,1
5.55,8.31,30.35,173.41,1
7.23,3.75,25.55,245.48,0
6.04,5.16,39.38,67.34,1
6.94,9.49,33.79,195.6,1
6.26,8.69,27.04,433.88,1
6.29,6.43,21.16,286.9,1
7.3,5.3,28.27,80.15,1
6.17,3.62,33.11,54.73,1
6.21,7.65,24.0,185.13,1
7.65,6.47,38.15,432.09,1
7.85,8.46,31.14,148.87,1
7.3,2.64,33.84,471.49,1
6.29,9.38,35.6,377.42,1
7.3,5.7,35.03,119.71,1
6.98,2.69,32.67,277.98,0
7.15,5.04,20.78,346.24,1
6.66,1.55,28.36,300.17,1
6.84,1.38,24.35,367.8,1
8.67,1.3,38.19,273.23,0
7.18,3.12,33.71,176.55,0
6.56,8.07,39.67,162.75,1
6.43,7.86,31.22,195.03,1
8.68,3.81,22.97,230.02,0
8.71,6.46,32.4,125.21,1
8.51,3.91,21.16,72.54,0
8.54,8.58,31.46,257.67,1
7.82,1.11,23.56,186.56,0
5.76,7.05,39.76,142.42,1
7.02,9.29,37.46,132.86,1
7.74,3.01,35.19,304.09,1
6.86,7.01,27.79,100.2,1
8.73,9.04,31.74,135.01,1
5.9,6.34,20.96,108.7,1
7.42,3.41,39.8,153.61,0
7.74,9.37,32.81,448.9,1
6.93,3.79,25.98,454.02,1
8.22,4.47,20.84,463.63,1
7.07,5.54,23.76,340.71,1
6.92,5.92,33.01,275.56,1
8.3,3.95,35.6,166.74,0
7.55,3.54,30.46,239.06,0
8.02,2.73,32.59,403.29,1
6.55,6.18,23.45,82.83,1
7.6,1.5,34.86,491.82,1
7.63,9.05,34.76,423.64,1
6.16,7.41,38.31,317.53,1
5.63,7.76,23.43,196.82,1
7.13,4.23,39.03,105.52,0
6.39,5.35,35.06,184.77,1
8.12,3.45,25.26,403.2,1
6.41,5.67,31.18,455.59,1
7.25,5.68,24.91,289.76,1
6.8,7.15,24.43,331.11,1
6.3,7.42,29.94,482.22,1
6.34,6.67,36.64,305.89,1
8.51,8.51,20.5,327.71,1
6.33,7.97,37.3,217.6,1
7.7,2.62,21.07,83.35,0
8.78,2.3,20.3,239.45,0
6.38,3.71,32.14,84.3,1
6.98,3.72,34.13,301.3,1
5.64,8.96,28.97,237.4,1
8.54,6.66,23.1,276.2,1
5.55,9.18,21.05,310.86,1
7.4,1.73,25.76,373.5,1
6.14,5.38,38.34,210.25,1
5.91,8.63,23.81,445.42,1
9.0,3.91,37.47,386.22,1
7.35,4.49,34.63,234.2,0
5.89,1.21,32.87,57.8,1
7.11,4.48,32.73,479.06,1
5.65,5.47,26.95,103.94,1
5.55,2.74,24.33,277.44,1
8.85,7.62,30.55,272.73,1
7.4,9.64,21.71,308.48,1
6.05,3.45,24.64,125.49,1
6.01,2.66,23.17,341.28,1
6.73,1.39,29.51,307.92,1
6.91,5.31,23.26,81.68,1
8.06,8.87,35.59,213.57,1
7.99,5.24,38.06,73.55,1
7.78,5.02,36.05,348.24,1
8.09,1.81,24.16,431.54,1
6.04,5.95,29.72,169.14,1
6.49,3.59,21.84,155.06,1
8.66,2.41,26.02,160.56,0
7.1,2.74,31.24,275.6,0
8.86,1.9,32.16,414.16,1
8.12,5.18,37.46,128.26,1
6.19,5.56,20.97,90.28,1
7.46,4.19,26.66,140.76,0
6.95,9.97,26.02,308.95,1
7.11,7.39,37.58,383.99,1
8.39,6.43,28.85,387.49,1
8.23,8.85,25.86,138.79,1
8.86,2.3,34.61,181.06,0
7.45,4.59,23.3,279.7,0
6.9,3.94,33.55,341.05,1
8.05,3.41,20.05,286.42,0
7.62,7.34,33.26,458.14,1
7.01,5.18,30.5,198.91,1
6.48,8.01,33.02,148.65,1
7.11,4.52,39.83,210.72,0
6.19,7.84,20.78,259.79,1
8.67,4.47,21.75,382.02,1
8.42,3.23,29.14,387.01,1
6.97,5.29,24.39,87.21,1
6.8,9.02,23.5,123.0,1
7.69,3.02,38.72,313.75,1
8.61,8.97,21.2,85.35,1
6.61,2.92,20.52,257.74,1
7.76,1.16,31.39,204.68,0
7.6,2.83,25.38,477.01,1
5.64,2.77,35.08,338.25,1
6.84,3.64,39.17,52.02,0
5.68,3.92,35.45,229.87,1
8.06,5.0,25.85,163.65,0
5.73,5.91,22.87,499.12,1
8.35,2.52,39.68,269.42,0
7.93,1.69,20.89,400.8,1
6.28,1.71,29.68,186.37,1
7.92,3.34,36.75,495.23,1
8.47,4.9,30.66,303.74,1
5.97,4.58,32.93,408.23,1
7.53,9.0,34.79,51.83,1
8.27,4.14,21.9,186.24,0
7.29,7.12,28.85,255.36,1
8.7,8.37,31.58,114.6,1
7.19,5.78,38.61,168.36,1
6.83,9.26,39.05,390.08,1
7.6,1.66,35.27,297.09,0
8.38,4.11,31.56,332.66,1
7.23,3.59,25.95,166.44,0
7.22,8.4,22.3,258.98,1
7.26,9.91,29.1,490.76,1
6.74,4.25,37.92,332.87,1
8.18,1.06,32.28,219.08,0
8.05,9.26,28.17,179.31,1
8.45,4.24,28.02,373.4,1
5.67,1.26,26.04,80.33,1
6.25,8.86,31.0,166.09,1
5.75,2.43,38.42,356.1,1
8.89,1.69,30.85,316.11,1
7.54,1.2,39.02,206.52,0
6.11,4.29,27.06,346.64,1
7.43,4.62,28.61,50.29,0
6.2,4.38,31.4,281.23,1
6.42,2.96,22.79,96.67,1
8.88,2.75,28.32,98.3,0
8.41,3.84,27.56,499.9,1
6.89,7.2,28.53,302.14,1
5.76,8.3,28.15,118.09,1
5.94,3.79,21.52,108.13,1
6.85,8.94,23.46,437.51,1
8.75,2.65,24.92,210.14,0
5.77,6.36,27.29,342.08,1
6.61,9.11,32.23,262.32,1
5.58,6.85,22.45,185.3,1
8.4,8.47,35.15,286.9,1
5.9,6.47,39.67,266.5,1
6.54,7.0,34.77,237.05,1
8.22,4.39,24.32,81.55,0
8.41,2.86,20.97,279.2,0
8.41,7.15,38.98,321.09,1
6.72,7.77,28.1,322.41,1
8.95,9.58,21.57,92.72,1
8.63,1.76,20.92,147.64,0
8.09,7.37,22.02,497.02,1
8.34,8.94,36.54,294.93,1
7.55,9.82,25.69,56.18,1
6.33,4.36,35.04,429.16,1
7.48,2.44,38.56,387.57,1
5.59,9.73,27.4,425.68,1
8.91,6.0,33.89,89.75,1
6.99,6.54,39.05,369.74,1
6.63,6.11,27.14,312.02,1
7.38,5.45,38.19,190.84,1
6.61,8.02,34.21,314.25,1
7.7,2.02,27.86,301.49,1
7.67,7.66,22.0,492.64,1
8.74,1.46,25.71,372.52,1
8.45,3.81,38.5,136.11,0
5.79,1.09,33.66,159.82,1
6.46,7.37,34.71,360.89,1
5.83,6.81,37.95,488.77,1
8.14,2.75,27.36,405.92,1
6.63,6.92,35.74,408.01,1
8.78,6.64,27.12,168.32,1
7.63,6.35,28.57,126.65,1
6.28,5.37,35.55,471.74,1
6.48,8.69,26.18,169.89,1
8.83,9.86,20.94,177.46,1
7.81,1.8,36.7,336.37,1
5.61,9.75,22.19,128.19,1
6.09,9.48,37.2,65.14,1
6.87,9.11,38.9,479.7,1
7.23,8.56,31.77,438.89,1
7.5,3.25,21.55,222.9,0
5.87,9.85,38.71,133.49,1
8.04,6.26,31.19,233.77,1
6.5,5.1,27.81,233.99,1
6.89,2.44,25.14,427.78,1
8.11,8.3,24.99,172.33,1
8.64,2.37,37.1,68.45,0
6.27,9.93,37.75,167.91,1
5.95,5.02,32.08,257.2,1
7.81,4.24,39.38,415.77,1
8.91,6.37,33.95,192.16,1
8.29,6.5,26.81,332.99,1
7.7,8.18,27.44,125.39,1
8.31,8.36,21.78,277.55,1
8.69,1.56,21.59,183.77,0
7.45,6.49,24.87,335.96,1
8.08,7.75,20.3,214.22,1
8.65,8.08,31.46,354.71,1
8.64,1.81,23.57,356.96,1
7.57,1.47,23.34,120.06,0
6.94,7.68,39.92,436.06,1
8.09,3.79,28.85,145.01,0
6.25,2.69,34.85,258.4,1
5.88,6.78,38.61,134.62,1
5.65,1.57,24.0,97.62,1
6.92,5.78,34.56,451.47,1
7.97,6.72,22.14,159.42,1
6.73,6.62,37.14,203.69,1
6.2,1.41,31.85,498.37,1
7.72,3.27,38.52,457.49,1
6.38,6.69,37.1,297.15,1
7.62,6.69,29.4,233.26,1
6.21,1.16,28.07,299.39,1
8.95,1.5,36.71,62.85,0
8.56,8.83,21.3,426.2,1
8.22,8.21,24.94,398.23,1
5.65,6.09,29.14,433.74,1
5.84,3.17,23.5,462.88,1
8.21,4.46,27.16,474.47,1
7.37,4.14,32.23,63.94,0
8.52,9.87,29.08,447.98,1
5.99,8.88,29.36,354.65,1
7.29,1.88,37.88,371.41,1
8.74,9.58,32.49,322.13,1
8.05,4.69,29.71,217.58,0
8.08,3.3,30.61,259.82,0
6.66,4.82,21.78,108.77,1
5.88,9.52,37.79,135.89,1
7.77,6.25,39.69,193.78,1
8.48,9.27,39.44,76.86,1
7.22,6.63,30.24,231.18,1
7.79,5.02,21.88,437.14,1
8.14,1.8,31.35,491.17,1
7.28,6.32,20.89,129.96,1
7.11,3.04,28.12,373.18,1
7.99,8.1,22.43,432.13,1
6.29,2.78,21.18,487.22,1
8.49,8.94,32.8,296.94,1
6.22,3.42,26.87,226.36,1
8.97,3.19,29.29,450.91,1
6.95,5.66,29.37,67.8,1
6.83,1.81,20.4,82.43,0
7.79,7.07,37.73,66.33,1
5.53,1.65,29.58,288.92,1
7.24,8.37,29.35,295.3,1
7.68,1.1,23.01,53.47,0
6.96,6.37,31.51,270.85,1
7.26,6.11,30.56,336.69,1
7.13,5.22,27.06,93.3,1
7.39,2.56,24.21,252.54,0
6.5,7.61,35.3,403.02,1
8.28,7.18,29.85,275.7,1
8.17,4.43,35.32,432.91,1
7.93,6.18,28.06,233.51,1
7.31,3.37,28.58,85.61,0
6.29,4.03,34.09,210.31,1
5.73,1.63,32.5,257.88,1
7.28,1.99,38.88,190.74,0
8.84,6.42,25.0,469.54,1
5.82,5.63,30.87,54.8,1
7.11,8.73,35.13,367.93,1
6.47,8.9,27.82,393.41,1
5.55,1.43,34.43,156.41,1
8.04,2.53,31.33,52.32,0
7.48,8.62,37.5,50.33,1
6.86,4.3,26.15,195.72,0
7.66,5.02,24.08,462.41,1
8.62,1.76,31.67,384.41,1
6.82,8.68,26.73,247.05,1
5.77,1.45,29.01,460.6,1
8.28,5.95,26.45,208.02,1
7.77,5.36,35.84,339.98,1
8.1,2.81,35.16,100.29,0
6.66,7.29,32.17,488.75,1
8.52,2.71,26.79,193.16,0
8.9,3.13,29.3,214.17,0
8.62,2.02,21.18,271.18,0
6.3,1.06,26.66,474.29,1
5.68,3.36,30.13,410.53,1
6.64,7.8,37.39,109.97,1
7.75,3.86,35.25,402.14,1
6.7,4.82,21.49,451.7,1
8.7,3.28,34.01,104.89,0
7.54,6.11,20.78,359.84,1
6.32,8.56,39.91,486.37,1
6.67,8.17,37.15,465.32,1
8.43,5.29,35.15,450.17,1
8.8,3.95,36.31,462.54,1
7.22,8.29,38.0,165.68,1
6.2,6.78,30.76,344.33,1
5.68,2.94,26.63,142.99,1
8.11,3.23,38.45,269.37,0
7.16,4.26,36.05,298.88,0
5.85,7.91,21.0,490.85,1
7.86,6.84,30.91,118.42,1
6.1,2.79,30.29,381.6,1
7.74,4.71,37.6,126.45,0
6.92,6.89,25.47,465.85,1
8.95,8.28,31.8,246.24,1
7.78,2.41,27.36,327.59,1
7.41,4.08,34.47,410.92,1
8.19,8.35,28.95,212.16,1
5.65,4.3,31.09,127.75,1
5.79,2.54,26.18,79.74,1
6.96,7.95,27.3,74.04,1
8.33,6.76,36.59,341.46,1
7.78,1.9,20.29,134.21,0
8.87,9.86,23.64,436.73,1
8.59,9.54,21.54,94.63,1
6.66,9.79,34.47,139.84,1
5.89,5.18,25.1,130.12,1
8.12,7.82,31.23,95.01,1
7.75,3.08,38.41,341.11,1
8.28,5.06,21.6,427.47,1
5.85,1.73,28.99,216.27,1
8.96,3.1,27.3,430.32,1
6.11,3.56,21.85,293.28,1
8.36,8.72,27.09,81.37,1
5.88,4.76,34.02,308.38,1
7.74,4.26,20.64,235.92,0
7.62,7.0,22.11,279.67,1
7.06,2.72,25.86,135.71,0
6.55,7.07,24.06,127.25,1
7.35,9.53,22.07,261.6,1
8.11,4.74,23.35,146.83,0
8.06,8.47,21.66,498.45,1
8.0,4.7,25.93,150.74,0
7.57,8.71,26.01,269.99,1
6.53,4.68,38.7,474.91,1
6.67,7.09,24.58,436.85,1
8.83,4.86,25.7,183.13,0
7.59,5.67,26.91,70.11,1
8.61,4.58,38.64,64.35,0
5.62,2.69,29.47,131.0,1
6.79,2.91,34.09,312.11,1
5.7,3.26,39.07,83.87,1
7.74,8.99,37.89,173.7,1
8.97,2.51,26.02,75.47,0
7.08,4.15,33.13,72.03,0
5.66,2.06,24.34,183.08,1
7.33,4.17,26.25,203.74,0
6.28,7.19,37.99,429.95,1
5.62,6.37,21.56,405.96,1
8.75,5.81,39.18,184.98,1
7.85,3.87,29.8,455.31,1
8.44,4.97,29.26,209.47,0
7.45,9.28,31.52,285.1,1
7.02,8.9,36.33,327.01,1
7.68,3.07,30.48,414.32,1
8.57,6.83,23.25,141.25,1
8.34,9.51,34.42,195.05,1
5.65,5.13,26.35,330.93,1
8.84,5.14,23.97,408.64,1
6.93,9.38,34.26,85.15,1
8.66,9.77,31.59,136.38,1
7.8,8.06,33.71,395.67,1
6.13,1.49,39.14,140.82,1
7.26,4.53,36.19,148.82,0
5.56,8.14,31.24,53.76,1
8.42,9.8,39.05,406.75,1
5.53,7.35,26.57,375.49,1
5.63,7.2,35.05,251.74,1
8.84,1.83,21.62,397.31,1
7.29,8.1,22.96,391.12,1
7.25,8.31,32.18,377.78,1
7.74,6.8,35.88,323.54,1
8.19,1.21,29.46,114.78,0
5.61,6.19,35.47,276.9,1
8.47,3.53,26.58,215.05,0
5.62,3.61,26.48,193.52,1
5.96,1.68,30.3,177.94,1
7.02,7.15,39.31,270.54,1
6.18,8.01,33.75,452.89,1
6.64,1.89,30.61,50.79,1
6.59,5.26,38.45,227.93,1
7.92,2.09,29.9,486.46,1
8.35,3.97,29.29,215.29,0
5.91,3.9,26.49,76.31,1
7.52,6.28,25.04,272.89,1
6.91,5.93,23.81,356.75,1
8.01,2.57,36.84,295.15,0
7.54,9.46,24.94,281.69,1
7.43,7.52,20.43,352.59,1
5.73,7.86,29.97,281.41,1
7.08,5.18,34.06,439.35,1
8.41,2.42,25.64,64.67,0
8.35,3.84,25.08,142.37,0
6.68,7.42,38.44,275.46,1
5.61,1.81,25.18,133.13,1
8.28,4.82,32.48,395.11,1
8.3,1.77,29.01,130.69,0
8.44,5.61,34.93,349.62,1
6.87,6.43,38.96,130.7,1
6.17,3.52,24.16,214.01,1
7.05,4.13,25.72,159.2,0
7.08,9.53,21.64,475.95,1
8.39,2.31,27.41,164.23,0
5.56,2.55,21.98,274.87,1
5.93,2.65,24.0,321.62,1
8.18,2.98,33.17,220.71,0
8.19,5.95,36.92,176.67,1
5.92,2.89,23.15,88.33,1
7.95,5.25,38.76,299.35,1
8.42,9.4,26.9,453.12,1
8.15,1.04,22.39,322.4,1
6.21,4.8,30.63,116.63,1
8.89,3.49,33.87,302.8,1
7.26,2.77,25.38,117.89,0
6.52,7.44,39.56,76.63,1
7.46,3.59,29.13,117.79,0
8.63,6.02,33.9,205.01,1
6.27,5.08,31.27,159.73,1
8.38,3.08,22.09,140.1,0
6.02,3.94,26.09,387.14,1
7.41,7.64,24.21,430.57,1
5.87,5.43,20.8,350.1,1
8.87,5.09,37.36,106.68,1
7.34,4.34,24.79,295.71,0
7.05,5.54,28.81,373.7,1
5.98,7.93,39.2,86.48,1
7.59,5.31,28.21,228.7,1
6.86,8.62,20.59,291.49,1
6.66,2.45,25.1,192.15,1
6.24,8.89,34.06,114.65,1
8.2,3.88,27.35,281.12,0
8.8,5.32,24.25,235.84,1
7.5,4.35,33.86,378.88,1
5.79,8.01,38.56,301.49,1
6.35,7.64,39.06,196.12,1
6.97,5.38,32.53,441.32,1
8.62,8.01,32.72,445.14,1
7.89,8.51,23.11,303.32,1
6.67,3.92,34.68,439.78,1
6.46,1.65,38.16,282.82,1
8.67,7.88,28.14,302.11,1
6.47,1.42,35.76,323.54,1
6.76,3.87,36.78,250.0,1
8.58,3.85,26.05,488.16,1
7.84,8.28,21.56,314.2,1
6.88,1.25,30.69,228.15,0
6.51,4.97,31.98,64.88,1
7.69,1.16,39.78,401.34,1
6.58,3.5,22.39,112.26,1
8.81,5.28,21.23,439.04,1
6.07,9.73,27.02,264.27,1
8.11,5.08,26.68,136.46,1
7.11,7.09,34.15,212.71,1
8.31,6.66,22.08,51.89,1
6.55,9.04,25.81,196.71,1
7.91,4.6,25.35,59.84,0
8.62,4.19,25.72,166.26,0
5.98,9.12,39.15,173.15,1
6.14,5.85,32.74,214.66,1
8.17,1.03,22.07,260.51,0
7.94,1.68,38.87,373.86,1
7.21,8.86,31.37,314.42,1
8.13,7.6,20.69,106.7,1
8.96,5.29,37.07,372.28,1
6.44,7.83,38.27,95.22,1
7.78,4.9,29.04,445.13,1
8.51,7.33,36.26,223.43,1
8.24,5.83,28.83,233.22,1
7.2,3.94,32.55,357.69,1
6.31,2.9,35.57,172.47,1
6.06,6.16,22.14,229.67,1
5.66,3.96,32.33,130.41,1
8.89,3.03,28.51,144.72,0
7.81,3.81,22.17,221.95,0
8.83,3.12,38.89,108.8,0
6.29,4.55,37.67,348.46,1
5.82,7.13,24.29,259.23,1
5.78,6.35,38.42,448.12,1
7.86,2.19,24.64,485.79,1
8.27,6.54,34.66,99.29,1
6.2,8.44,21.19,71.78,1
6.67,7.12,32.89,166.66,1
6.52,8.42,22.37,473.34,1
6.92,4.61,28.0,127.32,0
7.66,2.22,21.56,116.85,0
5.98,8.72,21.31,339.53,1
8.96,5.7,26.38,297.04,1
5.62,2.08,30.78,232.42,1
7.47,8.48,23.57,227.39,1
7.45,3.73,38.46,126.8,0
7.17,4.28,26.97,279.36,0
8.43,5.65,21.42,447.3,1
7.92,8.08,30.93,340.23,1
6.29,3.99,22.33,445.64,1
6.54,3.42,24.67,493.37,1
5.7,9.0,24.4,185.01,1
7.91,5.19,29.68,318.36,1
6.2,1.12,30.33,167.99,1
8.53,7.14,20.74,380.4,1
8.63,7.9,37.23,102.64,1
8.4,3.56,31.58,345.11,1
6.05,9.31,35.06,159.92,1
8.82,2.02,21.88,362.05,1
8.52,2.7,33.57,237.52,0
8.45,4.84,20.55,435.92,1
8.53,4.66,31.86,378.15,1
8.06,2.97,39.16,372.84,1
8.8,6.65,26.69,460.51,1
8.98,1.12,35.37,300.38,1
8.36,5.96,30.82,348.56,1
6.23,7.47,22.42,69.99,1
6.42,6.68,21.16,463.88,1
7.5,5.58,26.53,120.16,1
7.91,4.38,35.81,83.32,0
5.67,2.74,30.26,371.24,1
5.78,6.22,31.13,56.42,1
7.84,3.94,32.36,436.39,1
6.3,5.81,32.44,495.46,1
6.77,5.03,25.01,337.87,1
6.22,4.27,21.19,167.89,1
7.71,1.82,39.52,121.61,0
6.62,5.2,32.0,212.84,1
7.2,8.56,34.84,388.29,1
7.54,2.98,25.7,80.3,0
7.13,3.03,34.73,92.91,0
8.98,7.35,34.4,334.72,1
8.61,2.05,37.68,130.35,0
8.0,1.95,21.72,409.62,1
7.46,9.94,27.87,424.1,1
7.64,7.53,28.16,83.89,1
7.56,5.1,28.4,407.07,1
8.91,8.14,38.31,499.86,1
8.57,3.54,35.16,57.46,0
8.57,6.2,37.66,182.31,1
8.36,6.38,32.33,161.56,1
6.38,2.98,33.0,229.03,1
5.75,3.84,33.5,197.35,1
7.01,4.33,24.78,276.73,0
6.19,5.61,31.31,385.05,1
7.04,9.5,25.56,78.59,1
7.16,9.21,32.31,483.6,1
7.17,4.24,34.08,323.58,1
8.35,1.53,32.99,390.83,1
7.61,3.93,28.05,462.65,1
7.73,1.93,34.82,238.07,0
6.37,8.52,27.67,485.77,1
6.4,5.18,35.9,110.0,1
7.44,8.22,35.03,470.61,1
7.56,7.45,24.33,177.67,1
8.29,9.08,32.39,297.55,1
7.16,9.98,21.12,177.12,1
6.29,2.4,28.53,109.87,1
7.71,4.08,32.17,377.06,1
6.52,3.43,28.4,200.84,1
8.54,9.32,26.53,346.95,1
6.35,4.1,38.15,124.85,1
7.36,3.4,21.92,95.2,0
7.59,5.11,35.14,89.45,1
6.69,4.65,38.76,264.98,1
5.52,2.61,28.46,368.62,1
8.14,1.2,33.25,160.55,0
8.03,9.58,32.55,210.02,1
5.89,8.86,26.43,432.15,1
6.92,4.81,20.26,274.83,0
8.77,3.79,37.83,81.96,0
8.79,7.02,23.8,399.04,1
8.42,9.23,33.62,93.51,1
5.62,7.09,20.55,241.24,1
7.46,1.52,38.53,154.51,0
8.79,4.17,34.74,74.52,0
8.51,2.03,35.63,192.7,0
7.64,4.81,30.96,139.33,0
6.4,4.83,38.49,359.14,1
6.22,9.46,23.21,273.47,1
8.24,4.35,34.91,480.25,1
8.08,6.97,27.85,445.58,1
8.94,7.09,33.85,105.78,1
8.39,1.24,23.19,133.97,0
5.9,4.34,25.93,90.47,1
8.37,8.39,38.74,188.79,1
8.31,8.8,38.96,221.5,1
8.53,6.16,38.47,66.46,1
8.39,1.47,36.16,355.53,1
8.97,4.02,24.17,122.84,0
6.57,7.73,23.52,230.01,1
5.92,3.72,29.88,401.75,1
8.7,3.58,35.73,181.6,0
8.94,8.01,28.52,327.75,1
8.64,3.99,20.53,440.93,1
7.84,7.27,29.6,107.28,1
6.38,8.09,26.95,159.11,1
7.19,4.07,30.97,181.42,0
7.14,7.47,30.71,222.45,1
8.43,5.25,33.12,367.32,1
7.58,6.1,27.56,131.82,1
8.39,9.99,28.41,123.15,1
6.1,2.9,35.76,92.02,1
7.44,1.62,28.79,211.73,0
5.66,9.77,21.31,350.59,1
8.2,9.05,24.42,269.75,1
7.23,5.89,35.83,319.8,1
5.83,4.06,36.13,246.62,1
8.78,6.98,36.12,57.36,1
7.78,8.0,20.36,301.56,1
8.45,4.48,27.2,88.9,0
6.52,3.88,33.86,60.42,1
8.92,7.0,38.06,437.74,1
7.04,7.33,33.03,392.65,1
6.37,1.07,23.08,120.3,1
8.49,7.36,32.08,216.18,1
6.18,8.61,23.72,399.59,1
8.38,7.44,32.91,54.91,1
7.19,9.77,38.44,53.32,1
6.97,1.48,32.99,88.76,0
7.3,8.26,37.73,189.3,1
8.62,8.98,35.67,405.45,1
8.68,6.8,36.63,207.45,1
5.91,5.13,22.17,129.91,1
6.64,3.02,28.74,290.01,1
8.3,6.58,25.55,258.52,1
6.68,1.65,24.57,282.42,1
6.73,7.01,37.49,350.65,1
8.66,1.76,21.95,390.37,1
8.18,8.82,24.61,137.28,1
8.44,1.95,30.27,282.09,0
7.18,2.19,37.98,357.04,1
6.63,3.37,39.72,132.87,1
8.24,1.53,20.38,487.26,1
6.22,2.37,23.04,459.05,1
7.22,2.11,37.66,74.5,0
6.51,3.76,23.63,164.0,1
7.91,1.69,27.33,186.2,0
7.97,5.04,32.54,97.59,1
8.25,1.65,32.51,93.1,0
7.54,5.24,38.13,448.08,1
8.98,9.45,30.2,421.09,1
6.7,7.61,21.57,461.79,1
5.5,4.7,35.07,343.27,1
8.99,9.87,27.22,181.75,1
7.09,2.89,21.04,98.5,0
5.96,5.77,21.76,317.69,1
7.96,6.63,22.75,175.89,1
7.49,4.98,27.02,328.79,1
6.39,6.04,23.54,174.86,1
8.86,2.05,29.96,205.72,0
7.93,2.28,35.26,136.5,0
7.8,4.69,35.31,482.58,1
6.93,4.19,38.35,72.8,0
8.37,1.47,29.09,150.94,0
7.67,7.24,28.89,287.77,1
6.21,2.58,39.38,55.37,1
6.67,5.77,25.69,120.45,1
5.81,6.59,39.99,495.21,1
7.77,9.73,30.26,479.46,1
6.36,3.62,32.91,260.32,1
6.13,5.82,33.44,202.55,1
7.72,5.54,20.64,262.54,1
6.46,5.97,39.48,322.05,1
6.47,7.64,28.94,359.56,1
7.0,3.85,26.06,415.59,1
8.46,8.98,20.6,194.93,1
7.04,9.81,20.83,111.7,1
6.47,2.21,36.66,444.77,1
8.39,9.14,24.02,338.37,1
7.21,4.45,32.52,124.68,0
8.85,1.65,22.85,456.57,1
6.66,1.99,23.65,414.57,1
6.97,7.22,39.56,66.98,1
8.27,2.41,30.19,119.68,0
6.49,5.7,29.7,420.2,1
6.15,1.27,36.51,455.29,1
8.37,4.54,24.59,201.37,0
6.32,1.13,29.89,327.69,1
7.83,9.53,35.95,130.53,1
7.32,7.6,27.92,147.84,1
7.1,2.31,26.12,86.55,0
6.38,2.94,36.46,202.31,1
6.83,1.65,28.93,116.16,0
8.26,5.65,36.18,261.43,1
7.44,1.39,28.09,65.19,0
7.95,5.99,33.76,91.84,1
8.7,1.98,34.78,91.51,0
6.14,9.9,27.55,451.75,1
6.73,2.68,31.35,458.8,1
8.38,1.9,34.84,120.45,0
8.9,4.74,32.93,224.5,0
6.53,1.6,21.22,402.95,1
6.75,9.65,21.94,396.13,1
8.52,7.97,24.75,64.12,1
6.55,5.18,39.23,156.91,1
8.98,3.55,37.57,430.24,1
8.3,2.38,37.92,130.97,0
7.38,4.82,24.47,401.12,1
6.97,5.43,23.39,319.08,1
6.88,6.53,36.43,53.12,1
5.89,2.61,27.88,67.97,1
7.15,4.75,25.92,364.78,1
5.52,3.04,29.25,321.19,1
6.93,8.84,26.57,348.3,1
6.2,3.32,26.84,58.54,1
6.08,2.12,35.76,229.65,1
7.14,5.25,32.21,457.48,1
6.15,1.09,22.56,73.92,1
8.52,6.24,24.64,202.82,1
8.73,5.94,38.25,170.58,1
8.58,2.88,27.37,299.32,0
6.42,6.52,37.58,182.85,1
8.2,2.98,24.24,160.57,0
6.34,7.72,29.56,222.23,1
7.88,6.33,35.66,98.47,1
8.55,7.82,35.3,389.45,1
6.5,6.28,36.83,449.37,1
6.16,4.1,25.19,177.75,1
6.58,1.07,39.27,321.53,1
8.09,4.5,35.68,247.49,0
8.98,2.76,26.81,252.8,0
8.55,2.11,25.14,438.58,1
5.83,4.78,32.61,135.55,1
7.88,8.05,27.66,115.0,1
7.04,9.62,30.71,388.15,1
8.27,4.82,39.76,115.41,0
6.37,9.49,28.69,109.09,1
6.66,7.98,28.5,338.23,1
8.96,8.71,27.66,495.91,1
7.81,3.78,26.29,129.86,0
5.83,6.13,39.27,150.95,1
5.82,8.42,38.2,108.4,1
7.08,3.84,22.65,186.36,0
6.41,2.25,30.25,207.48,1
8.24,4.79,27.82,469.59,1
7.73,4.74,24.36,314.89,1
7.8,9.41,28.72,356.11,1
6.6,2.55,27.65,377.87,1
8.33,2.07,28.54,182.17,0
6.35,3.07,37.85,326.58,1
5.64,5.5,38.9,363.16,1
6.56,4.77,20.49,159.86,1
7.85,9.13,28.3,350.61,1
8.67,6.14,34.18,473.39,1
7.05,5.01,30.92,158.77,1
6.62,3.12,21.17,82.33,1
7.28,4.49,36.79,321.76,1
7.91,4.78,32.21,268.3,0
6.86,1.04,24.6,119.92,0
6.22,6.7,35.82,313.06,1
8.52,8.48,25.3,182.26,1
8.78,4.19,36.58,390.12,1
8.83,1.13,32.14,494.67,1
6.05,3.04,36.74,467.5,1
7.84,1.46,20.66,150.45,0
7.31,5.69,33.73,57.37,1
7.32,7.85,26.41,386.5,1
5.75,3.84,26.12,192.65,1
5.82,5.73,24.11,90.26,1
7.93,8.81,32.42,213.24,1
8.22,6.89,34.59,323.65,1
8.33,7.3,39.0,282.52,1
8.29,2.1,24.23,51.15,0
6.58,2.0,24.45,420.85,1
6.96,1.93,38.54,204.19,0
8.36,3.42,32.37,294.55,0
6.4,2.05,27.6,273.83,1
6.84,5.97,26.34,194.46,1
8.12,1.8,28.0,384.83,1
8.99,6.97,39.64,238.91,1
8.33,4.81,34.72,454.99,1
8.47,1.14,27.1,374.21,1
6.51,7.48,32.57,83.3,1
6.6,4.42,31.74,168.55,1
7.21,8.13,39.37,295.81,1
7.06,2.18,27.6,317.95,1
8.08,2.1,28.19,244.1,0
7.99,7.48,39.34,310.28,1
8.97,8.9,38.76,345.28,1
8.94,2.14,35.09,154.32,0
7.95,6.33,29.97,212.92,1
6.39,6.35,20.99,301.19,1
6.92,9.06,26.16,354.61,1
6.32,8.68,20.83,337.16,1
5.7,3.24,26.87,327.45,1
6.97,1.18,20.43,383.38,1
6.36,3.86,33.91,407.34,1
5.59,9.38,36.72,51.98,1
7.92,7.07,23.51,58.01,1
5.59,4.97,31.88,483.47,1
8.4,6.28,20.84,470.88,1
7.73,3.03,20.8,283.2,0
8.33,5.97,20.51,366.34,1
7.17,8.68,27.33,482.84,1
8.68,8.16,28.98,72.95,1
6.4,2.3,25.57,295.81,1
7.95,1.23,33.97,462.42,1
8.92,2.62,36.27,176.19,0
8.62,6.98,21.77,437.23,1
6.6,7.72,20.9,421.21,1
7.96,8.95,34.56,233.62,1
7.98,4.63,30.84,106.67,0
7.6,4.1,28.62,173.95,0
5.91,8.44,36.82,365.93,1
8.56,3.0,32.95,309.85,1
6.11,3.31,37.25,230.49,1
6.86,2.21,24.83,306.38,1
7.98,1.75,25.56,176.62,0
6.13,4.26,38.59,50.17,1
7.55,6.89,34.62,98.25,1
6.56,3.99,31.78,349.96,1
7.8,7.21,31.66,227.0,1
8.44,6.76,36.11,444.06,1
6.21,2.05,24.71,298.73,1
8.9,4.33,36.87,330.51,1
7.06,5.54,26.63,487.92,1
8.76,7.03,30.34,302.63,1
6.68,7.82,23.06,361.76,1
6.52,8.97,37.04,198.57,1
5.72,2.3,23.52,177.23,1
6.25,4.04,36.89,92.32,1
6.59,8.93,34.99,168.64,1
8.6,9.8,37.89,349.92,1
7.3,8.99,27.22,59.59,1
6.68,5.09,26.84,432.0,1
6.15,2.65,29.92,450.51,1
8.98,8.96,39.66,332.14,1
6.61,5.6,23.1,82.34,1
6.72,1.84,23.39,369.17,1
6.08,8.36,24.55,69.94,1
7.79,6.97,26.26,323.25,1
8.78,6.68,24.17,149.01,1
5.95,5.75,23.45,222.75,1
7.49,8.23,20.17,422.45,1
7.74,7.6,28.71,371.42,1
8.67,1.84,23.4,278.92,0
6.28,2.39,34.86,297.0,1
7.37,3.97,20.22,188.81,0
6.14,1.95,36.0,116.06,1
7.06,4.55,24.34,443.16,1
8.33,5.32,28.42,228.42,1
7.21,4.93,21.87,136.23,0
6.9,1.18,26.21,267.23,0
6.49,7.13,39.71,206.87,1
6.83,3.58,32.65,80.18,0
7.16,8.05,25.57,59.14,1
7.21,5.18,24.57,393.16,1
8.8,5.0,38.97,110.83,0
7.55,6.96,33.93,61.68,1
6.05,7.37,34.12,473.81,1
6.27,3.82,20.91,252.49,1
7.4,9.55,30.29,302.83,1
6.79,6.7,27.88,119.73,1
8.71,1.53,27.68,104.01,0
8.18,9.24,25.95,179.21,1
8.94,9.54,25.57,467.44,1
8.5,9.88,38.4,234.38,1
6.26,6.04,22.37,120.29,1
7.57,8.77,27.63,178.43,1
5.57,2.19,33.62,444.9,1
8.76,2.02,32.85,376.82,1
5.69,1.67,35.87,261.77,1
7.51,3.44,26.24,433.14,1
6.85,2.95,24.12,303.12,1
7.75,2.94,34.09,213.73,0
8.03,8.21,37.21,185.64,1
6.09,4.6,21.92,350.91,1
7.85,5.89,32.31,178.14,1
7.19,4.09,20.36,70.26,0
7.33,3.29,24.13,359.88,1
8.5,8.8,30.51,281.76,1
6.38,5.14,31.29,361.02,1
8.59,5.02,38.52,195.74,1
8.05,8.32,27.32,64.44,1
6.58,6.24,39.87,68.83,1
6.86,3.31,31.77,402.08,1
7.41,1.56,28.6,99.53,0
7.93,4.43,32.89,431.9,1
6.64,2.09,33.61,362.9,1
7.85,2.73,21.96,429.59,1
5.88,3.13,34.02,144.48,1
7.27,4.98,28.62,249.23,0
6.02,6.26,26.14,434.93,1
7.64,5.8,22.12,433.62,1
7.06,5.94,30.07,83.68,1
7.27,4.18,25.87,349.83,1
5.64,8.59,20.29,166.99,1
7.36,9.7,34.35,155.66,1
5.68,3.4,21.31,289.11,1
8.82,4.32,24.84,66.87,0
6.45,1.78,30.71,81.07,1
6.46,6.18,22.44,467.33,1
6.59,8.29,36.57,71.17,1
8.85,5.71,20.51,146.77,1
5.91,6.95,25.47,245.08,1
6.97,5.94,23.92,331.78,1
8.66,4.63,34.76,157.36,0
8.38,6.14,27.08,209.7,1
8.25,8.66,20.29,215.52,1
6.07,6.69,35.48,71.56,1
7.36,7.21,36.12,159.63,1
6.56,5.41,30.31,372.74,1
6.62,8.47,39.22,187.4,1
8.07,2.84,35.92,328.15,1
8.2,8.99,34.74,422.67,1
6.43,8.41,28.59,313.77,1
6.3,5.23,22.33,363.36,1
8.31,6.13,27.77,227.83,1
8.92,1.98,23.73,264.22,0
8.48,1.9,23.43,297.18,0
6.41,9.51,38.28,320.01,1
6.83,8.29,24.21,491.58,1
8.69,8.97,24.04,349.13,1
6.31,4.73,25.43,53.91,1
5.93,9.11,24.48,452.0,1
8.45,6.57,35.92,268.87,1
6.72,1.57,30.06,478.71,1
7.39,7.78,39.05,255.87,1
8.39,2.9,32.05,52.75,0
6.61,4.6,24.83,298.1,1
6.24,3.02,28.2,160.02,1
8.65,8.09,28.01,316.11,1
6.21,8.42,27.09,115.16,1
5.62,6.42,23.63,113.64,1
6.83,4.53,32.96,360.42,1
6.52,7.15,21.94,370.2,1
7.09,9.7,29.9,424.21,1
7.03,5.9,23.33,275.5,1
7.08,8.62,23.38,134.15,1
6.25,9.93,34.79,428.18,1
7.33,2.8,32.29,369.57,1
8.44,3.48,24.51,440.23,1
5.79,3.85,38.92,255.8,1
8.1,2.08,38.39,314.49,1
8.7,8.53,39.24,454.8,1
8.92,1.8,39.15,436.38,1
5.73,8.35,32.22,339.68,1
6.74,5.73,23.54,143.5,1
8.05,8.42,33.16,182.15,1
6.57,7.11,36.69,316.92,1
7.61,1.5,32.3,242.52,0
7.76,7.55,32.86,357.6,1
7.67,5.57,39.15,257.32,1
6.02,8.05,35.79,302.28,1
8.56,4.7,26.87,108.23,0
8.49,2.3,21.0,57.56,0
8.01,3.07,31.22,458.15,1
7.0,1.84,28.02,495.79,1
5.71,1.48,25.0,226.33,1
8.14,6.44,34.6,124.44,1
6.82,9.57,38.64,231.51,1
8.5,5.66,21.43,146.53,1
5.95,1.87,21.2,477.88,1
6.21,7.8,30.8,154.14,1
8.27,2.28,32.03,437.74,1
7.66,8.97,39.28,151.09,1
6.89,4.16,30.5,215.52,0
6.38,1.37,26.26,133.95,1
6.05,5.28,29.07,137.96,1
7.15,3.56,23.08,379.45,1
7.91,2.0,23.22,239.02,0
7.97,9.39,24.98,315.69,1
6.88,6.34,37.64,191.48,1
6.75,5.57,30.53,416.4,1
6.5,9.55,24.52,311.09,1
8.88,5.18,31.16,309.62,1
7.54,4.97,26.46,480.1,1
8.75,1.78,32.49,188.54,0
6.94,6.14,21.34,269.46,1
7.59,5.06,38.62,196.51,1
8.36,3.89,31.35,349.68,1
7.98,1.64,31.79,309.92,1
7.44,1.34,20.45,280.0,0
5.74,7.77,30.65,261.67,1
8.54,4.06,21.59,455.67,1
6.43,1.75,29.2,449.68,1
8.35,8.61,36.55,484.7,1
7.85,8.0,36.56,107.78,1
6.56,8.64,29.99,488.1,1
7.02,7.7,27.37,293.05,1
7.8,5.14,32.26,274.83,1
5.5,6.15,31.06,65.38,1
5.95,5.64,25.92,333.47,1
6.63,9.64,25.92,259.28,1
8.01,3.0,26.47,258.28,0
7.42,4.29,27.31,55.24,0
8.33,9.63,31.82,128.98,1
5.73,4.12,23.25,248.33,1
6.89,4.23,36.15,239.99,0
7.51,9.98,33.33,136.77,1
8.02,2.78,39.41,61.62,0
8.82,5.61,24.36,267.75,1
8.71,7.17,38.42,309.15,1
5.66,8.23,35.6,421.88,1
6.5,1.18,36.08,161.37,1
8.11,2.54,34.36,188.99,0
8.29,1.54,21.18,271.66,0
8.76,7.18,35.1,119.7,1
8.91,1.6,34.39,344.79,1
6.72,2.52,30.12,325.54,1
7.97,2.22,37.25,382.8,1
7.26,7.9,39.44,55.8,1
8.63,2.73,38.2,249.13,0
8.31,4.98,32.3,279.76,0
8.34,1.87,24.45,473.91,1
7.09,9.06,32.27,419.18,1
6.33,1.98,36.93,239.42,1
6.4,3.97,24.54,483.9,1
7.93,6.62,38.94,196.63,1
6.34,9.1,37.39,431.17,1
8.07,9.86,34.49,404.69,1
8.97,9.3,31.03,157.16,1
6.44,8.23,26.83,171.59,1
6.08,4.28,37.18,389.37,1
8.35,5.81,22.75,273.9,1
7.88,5.32,28.96,302.21,1
8.65,9.69,31.69,306.18,1
6.77,2.69,38.24,332.86,1
5.82,2.07,24.63,108.05,1
6.05,5.06,37.26,162.76,1
8.12,1.96,22.45,194.77,0
8.77,6.41,24.49,99.67,1
5.57,9.12,37.89,290.51,1
5.62,2.06,37.83,346.97,1
8.61,7.94,33.61,426.41,1
6.08,7.46,33.55,249.2,1
7.92,5.83,28.35,252.67,1
5.56,2.82,29.43,230.52,1
7.97,7.29,22.63,273.29,1
7.82,9.68,29.63,82.59,1
7.07,7.36,38.14,381.49,1
5.74,5.64,21.22,303.36,1
8.77,8.5,39.92,392.23,1
8.12,9.44,39.43,92.85,1
7.01,5.76,36.46,345.06,1
8.07,9.8,38.08,234.01,1
6.1,9.2,29.14,59.82,1
5.68,9.6,29.17,163.67,1
5.98,9.23,33.25,476.96,1
8.41,8.73,33.75,342.38,1
7.51,1.77,32.04,132.72,0
6.59,4.31,36.94,231.69,1
6.52,3.37,31.39,71.36,1
5.9,8.17,22.16,420.94,1
8.0,6.99,31.7,283.03,1
7.33,5.35,35.27,80.36,1
8.51,7.67,36.67,122.25,1
6.2,8.46,23.81,71.32,1
7.15,8.39,34.47,244.23,1
7.88,6.95,34.98,64.23,1
5.95,3.52,30.96,417.46,1
8.35,3.57,35.04,72.94,0
8.03,6.42,32.34,261.17,1
7.86,1.65,30.46,204.89,0
6.31,2.03,33.76,124.83,1
7.15,8.22,21.82,449.03,1
5.63,1.07,26.64,318.61,1
7.86,4.31,36.15,448.17,1
8.48,7.71,20.87,437.94,1
8.31,9.09,29.15,149.17,1
7.85,6.71,36.11,353.63,1
6.85,4.12,30.16,427.01,1
6.78,7.56,33.96,68.46,1
6.65,9.1,29.3,311.23,1
8.06,9.74,38.93,141.31,1
6.36,1.45,27.11,223.83,1
5.88,5.95,20.55,381.08,1
6.42,5.37,25.55,404.29,1
7.6,9.2,38.69,158.8,1
6.18,6.8,25.0,260.13,1
6.1,7.07,28.28,310.15,1
6.37,8.76,39.82,82.14,1
5.97,3.93,32.17,240.96,1
6.93,3.85,26.99,66.36,0
8.11,4.37,31.12,425.83,1
8.43,9.62,23.87,217.51,1
7.69,6.84,35.9,283.27,1
6.07,9.04,38.12,151.8,1
8.79,6.85,34.27,400.65,1
5.96,7.73,25.25,199.67,1
6.08,6.1,39.55,316.42,1
8.58,2.94,38.14,51.79,0
7.67,4.86,28.06,290.23,0
6.48,3.7,33.75,312.49,1
7.1,2.52,27.68,420.21,1
8.49,2.43,33.95,468.12,1
7.14,2.96,27.47,114.06,0
7.98,4.44,26.29,216.82,0
7.2,4.17,31.5,207.46,0
5.86,3.67,20.19,260.78,1
7.4,6.13,23.52,259.65,1
6.11,3.79,29.86,413.46,1
7.16,5.41,31.98,110.17,1
7.36,7.58,28.76,345.38,1
7.88,3.79,25.49,264.98,0
7.23,1.51,22.14,427.24,1
6.04,2.83,25.19,352.15,1
5.96,4.92,36.85,355.07,1
8.11,3.44,35.3,115.92,0
7.51,3.87,29.88,427.83,1
5.72,7.57,22.97,440.74,1
6.94,5.78,39.8,234.69,1
6.83,2.5,36.42,367.67,1
5.86,9.96,30.97,120.1,1
6.12,6.78,37.37,183.92,1
5.91,6.76,31.6,71.42,1
8.38,2.2,31.2,66.63,0
7.18,4.76,24.59,178.72,0
6.81,3.86,27.18,220.27,0
8.22,4.6,28.04,340.06,1
6.6,2.35,24.83,261.06,1
8.42,4.48,20.72,157.77,0
8.88,2.89,27.54,67.07,0
5.56,8.65,24.9,60.26,1
5.87,7.59,33.93,166.62,1
6.17,5.09,39.99,222.47,1
8.27,4.87,30.51,481.63,1
6.29,5.97,35.94,63.63,1
6.28,9.78,21.74,176.97,1
5.65,6.94,35.55,364.65,1
8.08,6.65,33.85,492.36,1
6.46,5.37,33.71,338.71,1
8.44,3.03,39.84,341.24,1
6.62,5.36,34.42,136.25,1
7.81,8.31,22.72,383.16,1
6.42,2.09,37.01,192.07,1
8.36,3.51,36.08,336.36,1
8.66,9.01,35.63,380.22,1
7.44,2.36,35.47,473.87,1
7.0,1.37,35.31,104.29,0
6.98,4.25,36.12,349.94,1
6.37,1.23,26.33,318.18,1
8.1,5.92,21.53,267.85,1
8.48,3.15,21.0,196.05,0
5.93,9.55,36.81,119.85,1
8.93,2.71,27.49,58.76,0
7.92,5.26,34.58,103.55,1
7.98,5.26,34.7,108.0,1
7.95,4.36,24.83,70.48,0
7.54,7.64,22.13,123.1,1
7.7,9.98,22.71,464.64,1
8.78,6.66,38.15,385.68,1
6.94,9.14,38.11,430.77,1
6.08,4.16,36.14,427.49,1
6.59,3.0,28.98,449.21,1
8.27,3.98,21.22,472.88,1
7.7,5.54,21.55,484.52,1
8.7,1.88,37.13,305.78,1
8.7,8.23,22.77,392.27,1
7.39,8.75,33.14,366.47,1
6.69,8.5,36.45,357.04,1
5.58,6.91,33.44,208.93,1
6.5,6.42,20.41,395.87,1
8.66,5.98,37.02,479.42,1
8.09,4.26,37.52,371.9,1
8.61,1.39,29.1,263.62,0
6.28,6.91,33.84,87.01,1
6.01,6.93,36.48,463.36,1
8.77,1.05,24.32,314.45,1
7.69,1.4,24.58,147.77,0
6.42,5.99,37.32,267.14,1
7.84,5.12,26.35,437.22,1
5.66,7.79,24.96,239.84,1
5.73,1.46,29.85,286.54,1
6.61,2.88,30.91,308.72,1
8.39,8.53,36.53,209.17,1
8.38,9.87,28.85,497.3,1
6.89,1.73,28.09,234.65,0
8.94,3.35,32.94,121.41,0
6.31,4.14,20.32,401.66,1
6.99,6.77,33.08,72.42,1
6.43,1.95,25.77,326.67,1
7.5,2.19,38.09,129.47,0
8.6,6.18,28.91,362.66,1
6.93,5.24,37.13,381.97,1
8.62,5.82,39.88,165.72,1
8.15,1.78,36.42,459.7,1
5.64,9.92,30.54,136.57,1
8.48,7.72,21.37,244.9,1
7.89,6.6,39.93,323.06,1
7.4,5.57,23.95,102.22,1
6.81,1.13,23.91,171.11,0
8.86,3.16,20.03,381.08,1
6.9,8.67,34.66,226.9,1
7.56,9.46,38.87,432.94,1
5.81,9.72,29.68,369.13,1
6.92,8.09,21.94,328.65,1
6.79,9.88,34.68,98.15,1
7.58,4.63,25.9,496.86,1
7.92,4.46,30.01,70.29,0
8.62,6.12,24.45,126.13,1
6.19,7.21,27.65,79.52,1
8.02,1.68,34.68,312.81,1
8.07,8.87,38.03,213.7,1
8.83,8.85,38.44,181.1,1
7.6,3.64,30.49,105.01,0
7.92,5.87,28.54,196.32,1
5.66,2.14,21.01,377.98,1
5.74,1.64,29.58,89.01,1
6.19,2.52,31.11,190.54,1
6.65,6.98,24.39,321.49,1
7.87,2.85,24.95,238.24,0
8.88,4.88,22.58,234.51,0
6.95,6.24,26.12,448.16,1
7.39,3.26,21.45,66.95,0
7.25,2.51,32.77,167.52,0
5.75,5.63,34.98,263.85,1
5.61,8.21,37.93,68.51,1
8.1,1.68,27.5,152.89,0
6.91,2.71,20.19,117.49,0
5.63,1.47,27.98,110.26,1
6.32,8.85,38.07,158.53,1
8.85,1.4,22.29,222.22,0
5.86,4.2,36.29,238.68,1
7.28,2.68,27.76,488.47,1
8.35,4.76,35.82,207.23,0
7.25,8.13,21.4,177.3,1
5.55,3.9,31.49,196.48,1
7.12,4.75,25.73,267.77,0
8.8,5.35,21.26,184.13,1
6.9,8.77,36.25,139.96,1
6.42,7.91,33.77,138.36,1
8.05,4.19,32.65,493.59,1
7.64,5.4,28.44,298.17,1
6.84,7.67,27.32,416.15,1
6.23,2.18,39.43,140.79,1
7.62,9.82,30.2,406.62,1
8.12,3.4,35.53,102.2,0
7.03,6.74,31.43,295.9,1
7.6,5.38,35.41,478.8,1
6.01,6.3,32.8,455.03,1
7.3,4.95,28.23,327.77,1
6.44,8.25,39.64,471.91,1
6.57,9.05,27.95,429.09,1
6.87,5.34,39.45,99.4,1
8.29,9.18,21.84,230.55,1
5.71,4.45,24.64,104.06,1
5.73,1.51,23.63,147.32,1
8.22,6.74,21.43,53.11,1
8.81,9.37,20.8,156.26,1
7.49,5.38,23.26,452.98,1
8.76,1.5,39.17,322.81,1
6.39,8.69,24.67,152.93,1
8.76,7.46,33.64,105.45,1
6.43,4.95,39.57,65.89,1
5.63,3.11,31.22,355.45,1
7.51,9.84,37.0,265.08,1
6.12,2.3,22.31,256.82,1
8.48,2.35,35.96,66.72,0
7.74,5.4,36.36,223.11,1
8.92,5.86,32.96,307.44,1
8.42,3.1,39.95,115.31,0
5.96,4.88,27.87,446.48,1
5.56,6.67,21.69,428.11,1
7.18,5.91,25.51,414.06,1
8.06,5.12,29.67,487.54,1
7.67,6.46,21.77,466.79,1
8.25,4.28,39.3,307.55,1
8.1,4.77,37.9,430.6,1
8.01,1.96,28.0,196.25,0
5.86,8.59,25.89,179.28,1
5.69,1.07,26.44,71.13,1
7.26,5.12,26.58,186.95,1
8.09,1.45,31.62,369.76,1
6.17,6.83,24.3,268.87,1
7.96,7.56,36.24,360.12,1
6.86,9.67,37.72,441.05,1
8.11,2.33,32.89,489.89,1
6.45,8.91,27.63,262.69,1
5.79,2.97,22.55,179.43,1
7.12,9.97,35.5,335.91,1
6.74,5.08,33.22,229.26,1
7.36,6.08,39.49,451.8,1
7.44,4.02,34.49,169.5,0
8.82,1.94,27.96,95.73,0
8.62,8.57,34.63,450.02,1
6.7,4.56,32.48,499.61,1
8.7,6.08,26.07,114.85,1
7.19,1.61,23.26,132.83,0
6.03,1.02,39.16,66.95,1
8.19,1.65,38.71,155.56,0
7.69,6.39,35.91,295.99,1
5.67,9.28,27.17,363.33,1
6.16,9.98,34.79,484.96,1
7.62,1.45,27.89,495.23,1
6.5,9.55,21.44,242.23,1
5.57,1.91,29.72,181.13,1
8.08,4.04,34.78,357.46,1
5.71,7.29,29.46,305.14,1
7.75,1.72,39.46,109.02,0
7.06,7.61,31.73,491.54,1
7.94,9.13,23.84,78.86,1
6.26,5.38,25.49,320.11,1
7.43,2.4,34.89,389.22,1
5.53,2.03,35.14,152.52,1
6.88,5.7,24.8,389.87,1
8.76,3.24,31.48,332.83,1
6.29,6.66,30.31,466.54,1
8.88,9.93,20.51,364.59,1
7.8,2.54,32.17,455.21,1
5.64,9.34,29.49,65.38,1
8.99,8.7,23.77,288.95,1
5.73,6.33,28.64,302.46,1
7.82,3.98,32.95,363.89,1
6.56,1.45,34.43,110.65,1
7.79,3.26,37.12,328.86,1
7.82,3.78,34.37,302.4,1
7.87,4.42,20.22,196.16,0
7.62,9.01,39.07,315.93,1
7.23,7.69,24.8,271.4,1
8.83,6.52,22.96,194.09,1
6.24,9.41,34.56,460.41,1
6.84,9.97,23.68,491.46,1
7.17,2.96,36.73,368.15,1
5.66,2.72,21.48,421.39,1
6.77,5.33,28.31,92.52,1
7.81,8.27,33.05,259.95,1
5.51,5.3,37.55,249.87,1
7.56,7.14,34.76,260.41,1
8.6,5.08,31.1,281.64,1
8.48,3.93,31.44,440.39,1
8.63,2.0,36.58,249.98,0
7.52,5.59,37.75,169.84,1
6.46,8.12,38.2,467.09,1
8.66,8.1,26.27,217.39,1
7.43,3.63,33.81,217.52,0
7.92,8.64,30.04,77.07,1
7.26,5.43,27.18,427.1,1
7.52,5.06,27.34,91.41,1
8.26,8.32,21.66,289.23,1
5.92,8.46,24.17,273.05,1
8.06,9.95,39.99,241.2,1
5.66,8.65,23.09,438.16,1
6.33,3.24,31.23,128.93,1
6.19,8.07,24.75,404.83,1
6.09,5.09,29.14,178.92,1
6.2,7.54,34.82,353.86,1
8.17,9.43,39.7,479.49,1
5.96,2.98,31.67,97.56,1
7.59,4.01,28.16,141.02,0
6.76,1.49,21.96,376.07,1
7.06,2.63,21.69,116.82,0
6.92,2.73,20.48,117.45,0
6.25,9.38,35.81,339.31,1
7.93,5.78,22.12,363.76,1
6.86,8.31,20.7,117.78,1
6.31,7.06,26.66,369.17,1
7.35,6.36,29.89,263.71,1
7.68,6.81,22.47,488.65,1
7.67,2.78,25.43,143.41,0
6.03,5.17,26.64,259.29,1
8.31,6.26,25.49,144.9,1
8.84,7.88,37.17,399.42,1
6.24,6.46,32.64,269.61,1
6.34,9.46,34.27,388.91,1
6.81,3.32,30.28,414.25,1
8.34,8.46,23.34,132.3,1
6.7,6.04,35.07,411.65,1
8.83,9.03,28.01,127.23,1
6.97,1.22,32.66,444.2,1
6.6,5.04,39.53,259.5,1
6.71,7.41,29.21,321.55,1
6.04,5.19,28.6,269.24,1
6.04,7.65,30.69,239.08,1
8.95,4.42,26.55,259.81,0
8.07,1.18,26.77,79.03,0
6.77,9.53,26.93,242.9,1
7.44,4.44,25.16,125.4,0
7.41,4.91,27.2,254.44,0
6.65,2.81,32.7,255.72,1
8.37,2.89,25.39,82.36,0
6.58,1.9,20.33,244.55,1
6.81,7.93,35.03,437.75,1
8.75,10.0,32.13,401.81,1
6.43,6.22,39.92,105.93,1
8.56,5.54,32.76,458.65,1
6.0,5.43,34.43,99.41,1
7.81,3.35,39.5,213.85,0
5.99,8.45,25.16,242.25,1
5.84,8.07,25.07,479.43,1
8.48,5.58,37.03,386.14,1
8.85,3.22,25.27,143.74,0
7.51,7.35,33.24,311.04,1
6.11,4.57,34.85,148.69,1
8.8,8.75,35.0,252.1,1
8.37,4.87,38.12,413.02,1
7.28,5.87,25.35,357.06,1
8.87,1.4,25.46,325.13,1
8.25,8.17,29.66,198.28,1
8.31,5.73,37.8,428.48,1
6.35,3.53,21.39,365.18,1
8.74,9.36,27.44,458.36,1
8.57,2.76,26.56,264.24,0
6.42,2.6,37.82,58.49,1
7.87,9.81,37.82,359.47,1
7.96,4.78,23.27,68.47,0
7.94,6.82,21.54,88.23,1
7.31,7.12,27.77,89.17,1
7.56,8.82,38.0,305.0,1
6.0,4.52,38.7,323.83,1
7.01,7.81,24.69,425.11,1
8.09,7.34,38.57,344.36,1
6.02,8.35,24.99,357.33,1
6.61,8.81,39.84,96.32,1
7.64,9.18,21.19,159.88,1
6.72,4.87,21.21,479.54,1
6.36,8.6,35.1,354.1,1
8.29,5.18,32.15,192.0,1
8.38,9.16,30.78,374.72,1
5.73,8.84,25.57,76.39,1
8.67,2.67,30.98,134.65,0
6.61,7.99,29.84,494.11,1
8.88,9.59,31.98,358.42,1
7.75,1.62,34.32,294.01,0
6.34,7.45,30.33,282.16,1
6.8,4.13,28.35,346.88,1
6.25,2.0,36.98,290.09,1
6.78,4.49,33.47,269.11,1
6.57,1.38,27.97,239.7,1
5.59,4.07,20.67,425.17,1
5.98,9.02,30.21,445.42,1
8.13,1.92,32.73,410.33,1
6.77,5.51,29.03,495.39,1
5.94,4.77,25.66,315.77,1
8.08,8.82,31.0,210.39,1
8.25,2.29,32.59,144.68,0
8.29,8.58,38.68,393.39,1
8.32,1.5,28.63,388.31,1
7.24,7.3,24.51,349.84,1
6.13,1.09,27.58,342.94,1
7.91,9.85,37.73,219.91,1
5.51,1.29,34.58,344.42,1
6.62,3.03,20.66,136.54,1
6.26,8.46,31.49,92.75,1
6.75,5.49,30.66,380.1,1
6.87,7.91,27.04,317.83,1
7.76,6.67,37.81,113.64,1
8.48,7.03,34.0,110.98,1
7.48,8.67,35.39,416.14,1
8.6,2.85,21.18,356.48,1
6.41,8.17,31.39,402.92,1
6.33,1.76,20.33,401.8,1
8.58,9.44,32.95,104.29,1
8.22,3.45,24.48,452.4,1
8.46,2.41,21.93,220.21,0
8.58,8.91,26.2,322.86,1
5.57,5.38,28.04,278.18,1
7.06,2.01,35.73,77.07,0
7.89,6.32,35.88,375.3,1
6.27,9.39,24.49,108.09,1
5.83,3.17,26.85,196.06,1
7.04,6.54,27.23,152.37,1
5.59,6.56,26.11,197.88,1
5.81,2.35,30.69,199.28,1
6.43,6.65,27.28,127.19,1
6.5,4.49,20.89,164.72,1
6.65,8.03,25.57,298.58,1
8.26,6.08,29.14,381.46,1
6.16,3.33,23.98,250.44,1
8.43,6.41,21.35,205.08,1
8.54,5.81,26.84,75.89,1
5.73,1.27,24.33,227.71,1
7.7,3.96,22.8,184.53,0
8.75,6.86,32.11,106.18,1
6.21,2.45,37.55,191.94,1
8.21,5.52,32.22,88.99,1
5.55,1.35,21.57,416.11,1
8.41,7.3,26.67,262.8,1
6.82,5.25,24.21,278.65,1
7.94,5.99,29.5,104.71,1
8.71,5.94,31.9,276.54,1
6.13,8.22,39.52,214.27,1
6.56,2.06,29.92,238.29,1
5.81,1.14,22.73,334.18,1
5.67,3.74,20.06,458.09,1
6.88,2.45,37.64,105.39,0
8.98,6.19,24.66,419.03,1
5.9,8.32,29.02,271.65,1
8.24,4.12,22.6,139.98,0
8.46,6.33,34.99,156.25,1
8.11,6.15,32.2,250.66,1
7.54,8.02,34.74,70.88,1
8.04,1.66,28.07,435.59,1
7.52,2.97,29.98,372.29,1
7.4,3.85,38.06,451.92,1
6.92,5.94,31.11,329.45,1
8.48,9.05,35.12,92.17,1
6.27,2.98,33.25,199.09,1
6.24,5.16,23.17,287.15,1
7.69,7.35,24.82,52.91,1
5.92,1.04,29.32,362.68,1
7.4,4.33,35.14,492.41,1
6.82,5.76,21.16,366.73,1
5.75,6.31,39.87,247.35,1
7.56,2.94,32.69,156.42,0
8.42,7.14,38.23,101.91,1
6.67,7.94,38.27,444.94,1
6.03,4.58,31.31,319.59,1
6.77,2.86,24.13,401.07,1
6.55,9.18,23.54,306.5,1
5.97,5.44,21.04,488.59,1
8.02,6.67,29.41,98.21,1
7.08,3.43,26.68,497.96,1
7.5,5.6,22.06,273.0,1
6.65,2.86,27.45,267.45,1
7.28,9.07,29.75,360.66,1
7.8,8.88,32.16,387.5,1
8.84,4.04,39.58,438.88,1
8.65,8.14,39.12,336.66,1
6.16,4.29,25.39,59.49,1
6.48,8.72,21.33,108.36,1
7.23,5.16,26.9,257.65,1
7.92,6.59,36.13,438.69,1
7.96,9.76,21.42,141.88,1
8.69,8.24,27.85,380.75,1
8.11,1.07,34.49,166.51,0
8.43,1.7,33.17,214.35,0
8.72,5.02,33.47,299.62,1
8.2,4.28,22.76,216.35,0
6.5,1.47,22.65,180.46,1
6.78,9.74,30.05,461.98,1
8.68,2.59,29.03,314.87,1
6.6,8.86,30.47,497.37,1
8.1,3.59,36.7,383.7,1
7.81,1.48,35.47,261.78,0
5.72,7.82,38.58,218.22,1
6.68,2.37,32.74,186.22,1
8.11,3.13,23.51,218.39,0
8.21,4.59,23.98,94.35,0
7.08,6.64,25.86,72.38,1
8.19,2.52,33.6,397.23,1
7.86,7.52,34.64,341.24,1
6.34,4.0,39.1,114.75,1
5.98,2.99,28.4,359.64,1
8.96,4.02,39.63,366.6,1
5.84,2.93,37.6,354.03,1
6.5,7.16,29.71,375.92,1
6.6,4.98,35.84,51.44,1
8.11,4.5,31.6,223.12,0
6.5,3.67,27.78,142.09,1
6.8,5.72,34.38,112.22,1
7.13,5.46,20.61,403.57,1
6.4,9.9,22.25,121.8,1
7.91,9.97,22.03,137.66,1
8.87,2.69,29.99,78.49,0
6.82,7.71,36.43,470.15,1
7.46,3.37,29.06,229.1,0
6.18,3.3,32.45,465.05,1
8.22,6.67,22.86,142.68,1
8.47,6.04,36.27,233.58,1
6.55,7.67,26.0,285.94,1
6.04,5.21,24.3,95.85,1
8.37,7.12,33.06,142.96,1
6.33,4.38,31.73,294.12,1
6.68,4.88,20.92,469.14,1
7.96,7.84,29.09,158.72,1
8.31,3.27,37.93,124.29,0
8.78,5.76,25.0,125.03,1
5.71,6.87,21.42,303.57,1
7.45,3.91,22.38,95.02,0
6.42,5.81,25.67,60.7,1
7.15,7.28,35.67,212.04,1
6.17,2.94,33.04,467.88,1
8.27,7.42,33.33,377.21,1
8.74,4.7,38.56,499.07,1
8.62,4.63,28.95,330.64,1
6.3,5.25,35.34,300.42,1
5.88,1.56,36.32,305.68,1
8.47,7.47,26.98,289.92,1
7.72,3.86,34.13,379.65,1
7.1,2.22,28.7,371.81,1
7.99,3.47,29.44,258.84,0
5.68,1.68,31.29,128.03,1
6.74,3.56,34.47,301.1,1
8.67,5.71,29.05,241.48,1
6.2,9.79,33.32,416.94,1
8.02,3.03,31.92,401.45,1
7.73,2.54,25.31,242.26,0
7.62,1.93,23.18,142.23,0
6.08,4.66,36.34,237.51,1
6.64,4.2,30.71,385.34,1
8.92,8.05,38.05,372.3,1
6.71,7.52,25.97,433.6,1
6.74,8.06,36.23,200.22,1
6.67,7.49,28.93,69.51,1
5.85,7.13,28.09,350.29,1
7.53,3.52,28.73,175.58,0
6.4,8.24,22.95,85.99,1
6.78,2.53,21.56,224.1,1
8.64,3.2,20.71,465.08,1
6.39,6.97,39.48,79.92,1
8.41,8.25,37.19,191.77,1
6.21,3.84,24.37,465.39,1
6.97,1.16,31.24,206.56,0
8.85,7.4,25.83,385.16,1
6.17,2.71,27.53,443.91,1
7.04,9.39,38.91,245.54,1
8.31,2.6,39.42,206.69,0
8.22,3.12,24.7,228.91,0
8.05,4.01,28.94,421.28,1
6.2,9.1,36.51,216.58,1
5.61,5.25,26.13,152.32,1
8.82,2.67,39.67,81.46,0
6.62,4.55,28.55,404.98,1
8.33,6.21,37.44,133.71,1
8.17,8.87,28.85,475.91,1
8.5,3.62,39.24,488.5,1
5.71,7.76,28.8,400.62,1
6.1,2.48,23.6,315.54,1
6.07,2.64,21.13,466.31,1
6.43,7.34,38.08,238.87,1
5.62,8.63,21.11,477.3,1
6.82,6.36,25.13,492.82,1
7.62,8.95,22.28,340.8,1
6.57,7.05,27.95,227.44,1
5.75,4.98,26.15,131.23,1
7.51,9.7,23.88,50.29,1
6.58,9.96,36.73,366.95,1
6.69,2.98,25.07,181.64,1
8.19,6.73,29.32,69.81,1
6.85,3.65,28.84,180.82,0
6.34,6.93,39.74,246.43,1
8.56,2.8,24.97,474.75,1
7.65,3.86,24.4,420.74,1
6.59,5.61,30.54,421.95,1
6.21,2.13,34.86,57.49,1
8.01,1.88,26.03,192.72,0
8.82,8.98,25.58,62.71,1
5.61,1.08,31.65,202.54,1
8.3,4.62,23.53,459.16,1
7.78,8.78,32.6,239.07,1
7.45,2.88,24.56,65.89,0
7.17,8.39,32.41,86.27,1
7.37,5.0,22.53,468.61,1
6.88,6.96,36.32,443.68,1
7.24,8.87,32.09,480.14,1
6.89,1.02,29.25,178.17,0
6.17,3.45,35.21,197.12,1
6.05,9.44,20.29,225.03,1
6.39,8.09,35.23,159.48,1
8.2,3.18,22.91,280.1,0
6.56,4.34,27.88,343.94,1
6.65,2.95,33.1,281.16,1
6.4,5.91,27.02,156.84,1
8.03,4.3,39.13,292.82,0
5.7,2.71,24.92,208.76,1
6.78,7.35,34.05,413.59,1
8.26,3.39,34.5,386.03,1
8.69,6.59,31.9,302.51,1
8.11,1.53,25.77,286.62,0
8.23,8.1,25.41,96.61,1
6.05,2.47,24.72,334.57,1
8.23,7.56,20.07,210.03,1
8.95,5.78,35.96,94.03,1
6.35,5.87,30.95,488.8,1
6.85,9.49,24.49,220.41,1
8.63,2.87,24.64,317.27,1
7.23,5.11,22.21,323.89,1
6.84,6.72,35.78,134.95,1
7.07,9.6,38.4,142.39,1
6.98,2.49,32.28,167.65,0
8.51,2.23,22.06,73.13,0
5.83,3.33,29.31,162.19,1
6.72,7.89,22.87,231.8,1
8.94,2.23,33.73,332.34,1
8.01,7.21,30.89,337.93,1
8.69,3.99,38.4,410.55,1
5.63,5.35,27.32,339.59,1
8.59,8.33,22.83,397.91,1
5.78,7.73,20.62,407.49,1
7.22,6.84,33.34,53.47,1
5.67,7.49,21.91,161.25,1
6.25,7.1,31.63,87.73,1
8.39,3.1,37.58,213.8,0
6.97,4.01,39.34,406.54,1
6.22,2.93,26.1,369.87,1
6.79,9.26,36.45,190.23,1
7.92,2.96,28.57,459.74,1
7.0,8.0,28.12,303.7,1
6.84,4.58,25.45,148.39,0
5.93,9.7,27.09,113.8,1
8.37,9.96,33.3,317.41,1
7.68,7.55,27.72,457.75,1
6.75,2.9,36.19,357.28,1
6.23,4.15,21.73,466.07,1
8.13,7.72,22.42,136.56,1
7.79,3.62,23.82,392.75,1
8.72,4.58,20.49,433.25,1
7.7,4.97,20.35,304.15,1
7.97,6.95,24.57,148.2,1
7.12,3.31,37.54,482.52,1
6.5,4.38,31.68,362.25,1
5.8,3.73,25.7,236.62,1
6.94,4.2,31.02,278.34,0
7.17,7.31,23.94,317.28,1
5.57,1.82,21.78,187.5,1
8.53,6.59,22.97,195.75,1
6.65,5.44,31.15,367.34,1
8.49,9.07,32.78,159.07,1
5.63,2.55,20.45,372.53,1
6.44,9.24,35.83,239.41,1
6.69,5.13,26.33,401.1,1
7.77,7.0,33.49,114.6,1
6.21,7.31,38.7,101.74,1
8.24,8.24,30.49,387.07,1
7.83,7.95,28.24,98.12,1
7.53,3.06,39.7,410.09,1
8.33,4.94,20.5,90.43,0
6.65,1.81,35.71,204.32,1
5.8,6.23,39.04,384.85,1
8.66,1.61,25.42,381.54,1
7.09,3.79,36.0,155.45,0
8.51,8.98,26.61,488.71,1
6.29,6.71,30.35,239.75,1
5.75,6.2,21.0,164.38,1
6.84,8.2,21.83,163.5,1
7.31,2.05,21.54,407.12,1
8.93,8.79,39.22,261.64,1
8.57,9.34,27.3,271.44,1
6.95,2.1,30.52,62.48,0
7.36,5.98,36.09,374.25,1
8.31,9.9,24.83,462.59,1
7.9,6.8,35.87,65.63,1
6.38,1.86,30.07,478.19,1
6.73,9.01,31.52,78.78,1
6.63,6.5,29.74,254.78,1
5.86,9.29,24.49,287.1,1
7.38,9.78,34.1,373.4,1
5.88,4.93,31.26,154.59,1
6.06,6.92,31.07,397.88,1
8.84,8.51,27.5,343.28,1
5.61,4.96,20.03,136.47,1
8.12,4.98,20.94,375.16,1
6.38,8.18,28.95,129.49,1
8.71,1.83,34.94,331.99,1
8.72,2.28,38.83,64.56,0
6.61,1.68,38.72,69.32,1
7.22,1.87,35.45,144.41,0
6.32,2.21,22.67,329.59,1
8.56,2.6,26.6,410.17,1
5.51,6.09,25.46,100.46,1
6.02,9.13,38.12,340.52,1
8.97,1.84,35.34,378.25,1
7.97,3.01,20.62,76.99,0
7.31,6.6,28.68,439.29,1
5.55,9.59,29.42,73.18,1
6.98,2.48,33.54,352.1,1
6.05,6.15,32.88,311.22,1
6.3,2.62,29.4,433.82,1
7.7,5.65,22.86,153.14,1
6.95,6.9,27.65,64.59,1
8.65,4.68,39.95,63.62,0
7.91,2.33,20.01,261.47,0
8.8,8.97,34.01,78.6,1
8.89,7.42,20.13,374.25,1
7.02,9.02,30.07,429.63,1
8.37,4.29,39.56,60.88,0
7.96,7.8,25.47,457.61,1
5.99,9.48,29.07,417.64,1
6.31,3.7,33.68,141.21,1
8.21,4.79,26.83,194.21,0
6.53,6.79,29.46,406.02,1
8.82,8.71,33.78,319.25,1
7.2,1.73,22.48,224.8,0
7.04,7.38,25.45,89.79,1
7.02,7.87,31.6,135.99,1
5.64,1.64,25.04,190.05,1
8.13,2.38,27.58,141.69,0
7.1,2.19,31.08,357.1,1
7.92,2.94,24.96,104.09,0
6.24,4.25,29.03,425.55,1
6.74,3.43,38.03,349.59,1
6.25,7.98,38.9,461.37,1
7.17,1.13,20.38,417.57,1
8.56,1.23,37.8,172.16,0
6.29,7.24,31.68,144.56,1
7.06,4.99,35.39,127.11,0
7.03,6.41,21.64,347.29,1
5.83,8.7,35.45,130.0,1
8.9,1.98,26.13,463.67,1
6.2,1.92,37.51,279.69,1
5.64,5.57,31.04,148.44,1
6.02,6.26,29.08,149.88,1
7.65,3.68,36.75,64.36,0
8.81,9.08,38.68,105.22,1
8.64,5.07,37.93,389.81,1
8.48,8.95,31.94,426.36,1
6.71,6.8,24.73,153.32,1
8.37,3.41,39.41,465.79,1
8.32,2.53,23.25,82.1,0
8.08,4.88,26.72,315.32,1
5.87,7.48,33.62,169.39,1
7.36,2.27,35.76,369.1,1
5.97,3.12,33.87,175.71,1
8.74,6.65,32.8,122.36,1
8.05,6.85,24.94,314.26,1
6.34,2.67,25.54,63.52,1
5.8,7.32,21.84,358.8,1
7.16,8.23,23.45,61.42,1
7.81,2.85,22.59,214.69,0
6.5,1.47,30.64,454.28,1
7.41,2.98,25.29,348.25,1
7.67,7.82,24.95,454.69,1
7.11,5.91,27.07,321.93,1
8.58,4.32,20.12,245.61,0
5.85,5.25,33.93,381.8,1
5.55,9.24,21.07,168.06,1
7.11,3.89,36.73,190.88,0
8.77,8.39,24.8,245.48,1
7.87,9.51,20.95,427.72,1
7.02,8.21,35.3,390.88,1
6.64,3.62,34.23,488.22,1
6.17,7.35,28.38,97.4,1
8.48,7.96,22.71,113.75,1
6.71,8.83,38.18,143.76,1
6.69,6.13,25.17,488.24,1
8.16,7.75,23.65,312.88,1
5.52,7.11,37.5,255.94,1
7.74,8.46,38.12,494.12,1
8.15,6.28,22.51,496.94,1
8.88,9.14,29.1,296.52,1
8.8,2.4,38.84,286.0,0
5.75,6.92,32.5,452.75,1
8.71,2.73,28.17,60.5,0
5.78,7.86,33.96,394.37,1
6.41,5.44,36.21,392.67,1
8.58,7.78,26.52,97.23,1
7.72,8.7,26.57,382.1,1
8.8,7.09,38.16,200.77,1
9.0,6.42,22.78,423.48,1
8.43,2.45,39.91,145.34,0
7.86,1.68,24.43,370.52,1
5.6,4.83,26.12,388.4,1
7.66,7.79,20.27,472.96,1
8.82,1.7,21.73,495.45,1
6.83,2.97,36.47,259.45,0
7.64,5.87,29.8,143.59,1
8.72,2.63,38.82,452.18,1
6.99,2.21,26.99,457.61,1
8.33,5.36,35.45,466.03,1
8.8,7.29,25.4,73.4,1
7.75,9.38,34.62,376.8,1
8.02,6.86,20.34,242.69,1
7.89,9.14,34.13,64.8,1
5.97,7.82,33.6,69.77,1
5.93,5.46,37.62,438.71,1
5.94,2.27,20.59,463.75,1
8.85,9.26,25.87,87.65,1
8.07,8.57,24.66,377.09,1
5.62,7.73,38.71,224.28,1
8.17,3.6,36.73,87.99,0
5.5,5.18,29.77,117.61,1
7.34,7.71,34.12,122.35,1
6.94,5.35,36.67,167.83,1
8.89,1.51,39.16,66.57,0
7.04,5.98,22.14,372.08,1
7.7,9.44,37.32,156.73,1
5.75,5.85,34.84,342.51,1
6.16,6.55,22.55,83.92,1
8.18,4.71,39.54,196.65,0
6.79,9.15,38.06,494.77,1
8.14,9.77,36.66,58.16,1
5.96,8.61,33.19,206.21,1
8.09,9.88,21.87,246.96,1
6.15,5.47,30.63,149.52,1
6.58,9.56,20.11,237.62,1
6.21,3.22,21.97,213.6,1
6.27,7.6,36.83,126.87,1
7.4,1.59,29.24,187.77,0
8.47,8.88,21.91,78.88,1
6.86,1.64,25.2,476.86,1
8.64,2.19,28.01,212.1,0
8.14,3.09,29.27,190.72,0
6.81,4.94,38.63,202.7,0
7.13,7.24,25.65,256.63,1
6.65,8.56,37.17,106.62,1
7.54,6.29,35.51,354.18,1
7.17,2.08,36.68,165.84,0
9.0,6.27,27.72,369.45,1
6.97,5.31,39.52,124.08,1
8.61,9.13,33.15,315.67,1
6.06,3.56,27.81,138.1,1
7.76,2.81,39.92,66.98,0
6.65,4.66,34.05,488.27,1
8.87,6.34,22.74,499.91,1
6.94,9.36,26.53,391.54,1
6.35,2.04,37.12,389.34,1
6.6,5.94,38.19,336.09,1
8.73,8.82,24.4,347.46,1
7.7,7.09,35.13,186.13,1
8.22,3.47,20.67,432.55,1
8.1,1.66,27.84,169.9,0
6.62,6.56,22.38,244.12,1
6.92,2.51,21.17,74.35,0
6.99,2.97,21.22,330.65,1
5.89,9.02,34.6,357.31,1
6.24,8.52,26.16,487.84,1
6.02,6.84,21.57,236.98,1
6.19,4.61,28.53,367.53,1
6.49,2.67,32.26,443.19,1
5.53,7.66,22.05,336.59,1
8.61,8.07,31.25,218.75,1
5.66,5.92,30.34,242.07,1
7.23,7.97,33.1,257.29,1
7.31,1.51,31.06,302.81,1
8.96,5.12,29.8,97.61,1
6.1,5.65,27.02,147.01,1
6.59,8.4,36.16,426.05,1
8.3,7.1,26.01,384.12,1
8.43,3.12,39.39,134.87,0
5.74,1.09,39.82,54.41,1
8.93,4.03,23.71,431.04,1
8.22,2.9,28.67,239.0,0
5.86,8.5,37.57,465.5,1
7.74,8.59,23.58,479.33,1
6.21,9.53,28.84,125.93,1
8.54,3.48,34.87,418.94,1
8.2,5.85,21.81,362.85,1
7.46,2.03,38.56,117.66,0
6.66,8.89,29.43,52.78,1
8.4,8.14,27.63,67.39,1
5.59,6.33,35.89,489.42,1
8.62,9.57,34.69,129.4,1
7.49,8.21,38.21,98.18,1
7.46,2.59,39.78,158.53,0
6.5,4.16,24.39,374.97,1
8.18,2.65,28.27,360.88,1
8.18,7.07,31.96,92.08,1
5.93,8.33,35.98,332.28,1
7.28,1.06,23.1,65.8,0
7.15,9.14,28.02,344.76,1
6.85,4.07,29.82,384.76,1
8.39,7.38,38.31,329.82,1
6.07,5.64,38.46,221.67,1
8.72,3.28,33.51,216.52,0
7.57,3.08,25.94,224.65,0
6.29,9.71,29.71,388.01,1
6.94,4.65,23.7,50.56,0
6.11,2.55,36.46,169.6,1
8.88,3.86,32.41,385.48,1
6.84,9.61,27.1,351.99,1
8.96,7.05,29.79,54.39,1
6.73,2.62,31.04,309.5,1
6.57,9.49,23.22,452.39,1
7.86,3.04,26.33,138.12,0
7.35,9.04,23.32,97.25,1
7.51,5.24,27.61,126.24,1
8.04,3.67,21.7,89.04,0
8.31,6.27,32.3,339.88,1
6.23,1.1,28.59,426.04,1
8.44,3.34,35.31,490.7,1
6.07,3.77,31.46,398.72,1
8.42,1.06,29.19,450.25,1
6.56,7.34,22.63,140.56,1
6.62,6.6,26.51,178.92,1
8.59,1.94,35.24,381.86,1
8.42,9.83,30.34,275.39,1
8.46,8.99,22.33,389.51,1
6.14,2.38,26.29,474.35,1
8.64,9.77,29.98,390.49,1
8.44,8.17,32.21,452.09,1
7.22,1.7,33.45,165.98,0
6.53,9.87,31.59,121.0,1
8.89,4.07,38.66,436.56,1
8.66,8.69,37.25,346.13,1
7.08,4.95,23.19,416.71,1
5.77,6.09,31.25,232.93,1
7.23,5.4,25.59,181.3,1
7.4,5.1,30.87,95.22,1
6.54,3.05,30.17,399.73,1
8.66,7.93,23.39,147.25,1
6.86,1.03,30.26,90.33,0
8.69,5.86,34.39,180.56,1
6.68,3.69,39.62,59.17,1
8.92,4.94,35.78,129.98,0
6.14,8.21,30.6,452.57,1
7.68,3.1,21.48,497.0,1
7.67,3.1,38.86,172.93,0
6.44,7.46,20.44,345.83,1
5.81,9.84,36.71,288.23,1
8.19,6.55,32.77,277.01,1
7.11,1.61,20.01,392.06,1
6.67,2.72,20.17,220.35,1
8.1,7.37,29.54,178.22,1
7.12,2.41,21.96,249.37,0
6.13,4.33,33.03,74.19,1
6.37,5.12,34.32,276.59,1
7.63,5.29,34.05,218.32,1
6.09,4.0,32.99,485.28,1
7.8,2.3,37.95,389.01,1
6.23,4.49,27.16,207.72,1
6.65,3.59,26.6,375.87,1
6.76,8.85,23.33,348.65,1
8.23,7.95,24.81,394.7,1
6.01,8.0,31.99,283.07,1
7.68,8.07,22.84,325.0,1
6.24,4.53,22.16,188.77,1
8.72,9.86,32.97,272.64,1
6.37,3.53,31.88,174.27,1
8.8,2.68,27.75,314.2,1
8.86,9.54,38.87,115.87,1
8.81,8.27,21.82,380.91,1
6.42,4.67,23.25,308.74,1
6.11,7.37,20.68,203.01,1
5.92,9.7,35.42,140.15,1
6.97,6.1,20.57,307.6,1
6.87,9.48,33.06,225.57,1
7.78,6.26,27.42,476.98,1
6.89,3.41,37.38,187.09,0
7.22,6.96,27.85,381.2,1
8.62,2.83,34.03,231.76,0
6.68,7.45,38.53,202.34,1
7.7,2.89,38.8,174.64,0
7.22,4.18,24.08,84.51,0
7.75,9.26,32.68,249.32,1
7.65,9.26,36.0,294.36,1
7.89,6.81,20.64,485.76,1
7.17,8.39,37.82,432.85,1
6.94,2.56,38.06,465.4,1
8.92,2.79,37.62,155.67,0
5.98,3.09,25.64,368.99,1
8.17,3.02,26.57,244.28,0
6.35,8.53,39.04,153.37,1
5.65,2.33,24.83,381.46,1
7.75,2.03,24.22,233.05,0
7.85,1.99,21.48,383.49,1
6.76,6.52,27.9,236.52,1
7.42,3.09,22.9,437.28,1
7.57,8.32,27.42,223.11,1
8.51,9.57,35.4,330.42,1
5.76,1.98,26.03,228.93,1
8.87,6.24,38.01,140.32,1
7.78,4.98,33.22,292.88,0
8.14,3.74,22.03,436.61,1
8.34,9.58,38.93,102.05,1
7.45,5.92,28.9,391.0,1
8.5,1.56,34.64,433.69,1
6.19,8.42,25.67,263.38,1
6.06,4.93,21.56,171.71,1
7.84,6.87,31.18,386.27,1
7.52,9.21,34.31,137.62,1
7.93,5.47,34.98,433.03,1
6.93,7.97,33.76,70.63,1
8.47,1.43,21.7,127.88,0
5.71,9.33,33.67,206.31,1
6.48,8.67,39.14,145.28,1
6.28,1.72,29.68,155.55,1
5.83,5.45,28.26,351.68,1
7.21,7.29,31.64,339.56,1
8.91,8.06,33.37,334.22,1
7.72,7.17,38.65,314.15,1
8.37,4.46,39.92,301.72,1
6.89,2.82,29.95,74.85,0
6.23,6.77,23.51,325.24,1
7.62,2.78,24.87,410.33,1
5.8,5.23,34.55,146.0,1
8.27,6.07,20.53,392.61,1
7.38,8.82,28.35,195.75,1
8.83,1.46,33.41,223.14,0
7.48,4.47,39.73,327.63,1
8.94,2.98,24.28,445.97,1
5.69,3.05,31.13,313.8,1
8.55,2.03,34.68,364.76,1
5.98,4.22,30.81,147.79,1
6.18,3.29,23.69,288.41,1
7.35,8.33,27.41,320.26,1
8.41,8.92,37.87,215.13,1
6.25,5.57,22.86,278.62,1
8.94,4.37,35.38,249.51,0
8.13,4.49,26.23,406.62,1
8.02,4.75,30.59,482.09,1
5.99,3.45,26.03,404.4,1
6.29,7.23,26.74,126.13,1
8.76,7.66,38.05,430.68,1
8.39,5.08,36.7,393.59,1
5.62,7.16,21.3,432.51,1
8.63,2.65,38.4,436.15,1
8.15,4.76,21.74,58.43,0
6.85,5.15,37.88,78.34,1
7.88,2.1,24.41,363.35,1
6.81,3.23,39.98,137.77,0
8.08,3.71,32.9,168.61,0
8.15,4.73,22.31,187.51,0
8.25,1.82,39.24,215.92,0
8.74,7.29,26.53,410.41,1
7.14,8.6,39.5,332.19,1
6.28,2.07,23.83,116.14,1
8.15,2.17,35.66,401.41,1
7.47,4.08,26.51,266.13,0
6.3,8.29,28.51,147.54,1
7.62,7.45,22.65,191.01,1
6.86,5.13,26.13,123.01,1
7.66,5.35,26.75,114.56,1
7.75,4.44,39.23,496.34,1
7.08,7.35,22.2,283.5,1
6.97,4.37,20.35,349.29,1
6.01,6.71,22.63,81.32,1
5.83,6.74,27.21,334.6,1
8.86,1.74,32.39,250.64,0
7.87,4.25,28.8,178.06,0
7.08,1.03,21.56,239.37,0
8.42,2.64,23.0,279.24,0
7.88,8.88,20.36,331.1,1
8.21,4.86,37.1,338.5,1
7.7,7.4,21.49,89.15,1
8.55,2.28,34.13,294.3,0
6.45,8.65,38.16,162.18,1
8.61,2.53,34.28,333.46,1
8.7,9.32,26.62,213.65,1
6.76,5.27,26.62,311.96,1
7.05,4.39,36.23,77.55,0
7.23,1.23,39.57,217.31,0
8.77,4.88,34.69,286.06,0
8.23,3.31,32.74,474.9,1
6.42,8.73,23.0,420.88,1
5.73,6.93,27.39,196.21,1
7.24,9.49,38.16,475.14,1
8.79,4.2,20.41,242.09,0
8.83,5.08,36.13,149.43,1
5.62,9.51,38.09,499.09,1
8.05,6.89,38.95,182.88,1
7.61,7.24,39.94,190.47,1
6.18,6.41,21.49,129.85,1
7.55,8.45,23.81,384.55,1
5.52,8.79,21.63,410.86,1
7.46,3.28,28.21,282.21,0
6.37,3.86,20.62,342.72,1
6.06,7.42,33.77,434.25,1
7.1,1.2,26.94,209.88,0
8.27,2.07,22.28,403.19,1
7.17,4.32,20.78,472.38,1
6.48,3.33,32.9,51.51,1
6.31,2.85,39.76,469.58,1
7.01,3.35,21.97,495.16,1
5.78,1.19,34.83,222.11,1
7.06,2.33,39.09,444.71,1
7.79,2.13,26.76,199.25,0
8.62,3.93,21.18,120.1,0
5.96,5.81,27.9,52.16,1
7.51,3.75,31.67,382.0,1
6.89,4.2,31.38,301.61,1
8.12,2.55,34.98,150.59,0
8.04,2.04,25.62,294.04,0
7.5,5.95,31.36,93.46,1
8.06,2.68,35.61,172.46,0
8.05,6.53,36.63,317.23,1
6.34,6.47,32.03,332.71,1
8.13,2.23,37.53,289.55,0
5.89,5.59,32.65,477.94,1
7.9,7.54,34.54,189.52,1
8.07,5.01,34.44,201.39,1
8.61,7.02,38.31,131.89,1
5.76,3.17,26.98,187.63,1
5.98,3.04,30.52,487.99,1
8.81,4.53,37.46,447.64,1
6.99,2.84,28.07,495.39,1
7.17,9.67,39.6,374.66,1
6.22,5.86,24.56,334.27,1
7.31,4.96,39.24,362.48,1
7.71,4.94,29.0,422.79,1
6.61,1.24,32.94,76.01,1
7.94,4.25,27.42,400.94,1
7.37,3.33,25.22,174.27,0
5.81,8.81,38.53,382.86,1
6.96,4.19,27.19,399.03,1
8.21,7.69,38.11,328.0,1
6.45,4.31,35.32,111.11,1
7.49,3.45,38.82,361.46,1
7.94,5.86,30.34,396.51,1
5.56,9.9,31.24,151.86,1
8.36,9.81,20.68,61.79,1
5.76,6.13,37.76,382.87,1
7.57,8.39,29.28,63.03,1
6.76,6.8,21.97,286.38,1
8.48,3.0,33.01,346.64,1
6.95,1.49,22.04,114.0,0
7.45,8.25,32.8,144.32,1
8.75,9.62,31.76,170.74,1
6.76,5.48,31.85,56.84,1
5.75,5.53,20.52,391.27,1
7.03,2.26,24.06,270.01,0
6.05,5.05,31.12,201.13,1
5.83,4.22,23.24,434.82,1
5.95,3.71,35.28,212.91,1
8.46,9.07,28.12,363.27,1
6.03,7.84,24.9,385.1,1
8.1,4.34,24.73,127.47,0
6.11,9.51,33.26,406.7,1
6.84,5.82,25.7,67.2,1
8.36,8.45,24.64,195.78,1
8.55,3.26,36.49,217.05,0
6.1,9.37,31.03,428.49,1
5.54,7.87,22.61,138.1,1
8.05,9.82,33.8,328.91,1
7.3,7.85,30.83,142.91,1
9.0,9.61,32.29,333.52,1
8.76,3.61,26.62,86.51,0
7.12,8.26,20.62,260.31,1
7.92,3.11,28.97,127.19,0
8.73,4.9,34.33,115.25,0
7.74,4.67,33.76,398.21,1
8.45,6.8,31.2,87.19,1
7.87,1.01,39.63,131.61,0
7.68,8.71,27.89,472.05,1
7.08,3.36,23.4,55.8,0
6.83,4.16,34.27,436.41,1
6.0,7.08,39.72,390.69,1
6.85,8.26,34.35,146.08,1
6.03,3.18,20.37,149.37,1
6.44,4.9,20.74,482.69,1
5.81,8.09,20.62,430.12,1
8.2,2.82,22.87,440.24,1
7.75,5.57,23.13,260.7,1
7.87,7.65,25.81,280.07,1
8.91,3.06,20.98,125.58,0
8.51,9.01,33.85,392.17,1
7.71,2.82,21.37,267.74,0
6.38,7.24,33.86,112.66,1
8.76,2.57,29.64,359.02,1
6.33,9.61,28.73,55.74,1
5.53,4.78,30.95,204.6,1
8.51,9.8,39.88,467.26,1
6.8,5.53,30.36,108.04,1
8.06,1.83,26.85,296.11,0
6.17,5.35,35.2,487.99,1
7.13,1.67,36.19,148.64,0
5.7,9.13,20.32,348.21,1
8.71,9.16,36.49,437.72,1
7.35,1.81,27.43,204.6,0
7.81,4.24,22.62,345.45,1
7.87,9.45,24.74,442.34,1
6.45,5.1,36.79,419.83,1
7.01,3.26,35.71,422.66,1
7.79,5.01,37.11,467.47,1
5.89,6.63,24.61,294.22,1
8.76,5.33,20.44,204.29,1
7.75,2.14,30.83,459.79,1
6.93,7.76,21.13,148.85,1
5.88,5.17,28.93,368.98,1
7.04,8.75,24.89,202.95,1
8.16,3.34,31.27,350.04,1
6.72,4.55,36.79,238.86,1
7.83,2.29,20.86,332.65,1
8.44,9.35,21.47,485.48,1
8.35,9.78,26.68,366.7,1
8.52,2.81,29.67,374.95,1
7.64,8.77,22.32,147.1,1
7.99,1.11,22.21,150.56,0
6.03,3.41,22.25,286.4,1
8.65,5.22,22.48,496.13,1
6.12,7.89,37.63,283.71,1
7.6,6.83,33.75,216.02,1
6.84,8.23,20.22,332.72,1
7.04,7.08,26.88,354.7,1
7.58,9.88,33.03,186.71,1
8.63,9.24,25.8,263.62,1
8.38,9.1,35.64,61.05,1
6.06,8.75,28.38,97.28,1
7.7,5.43,30.24,249.22,1
5.91,8.98,24.64,290.14,1
7.19,9.79,25.65,446.53,1
6.97,2.51,24.67,182.03,0
5.7,8.19,30.37,363.85,1
5.86,1.05,22.36,96.87,1
6.84,9.34,20.66,201.53,1
6.5,8.57,25.98,460.59,1
7.13,6.15,25.72,485.9,1
6.28,5.81,24.74,474.25,1
7.34,4.37,30.43,182.85,0
8.38,1.85,35.93,274.54,0
6.65,2.68,28.16,478.99,1
6.45,6.34,30.51,275.53,1
6.52,4.65,39.69,391.06,1
6.31,9.0,37.96,187.83,1
6.23,6.47,27.91,124.56,1
8.86,6.81,38.7,230.95,1
7.79,9.83,27.7,80.14,1
6.42,3.66,39.92,304.85,1
6.4,3.37,28.1,345.76,1
8.27,9.49,27.24,329.12,1
8.51,2.62,37.47,396.67,1
5.65,2.15,39.45,132.53,1
7.1,8.04,39.28,57.72,1
6.84,3.88,30.07,76.94,0
7.35,3.19,33.0,234.71,0
5.67,9.38,20.59,143.51,1
7.29,5.38,39.03,328.42,1
6.5,4.5,21.28,451.44,1
7.09,8.68,22.55,393.81,1
8.34,9.21,30.66,113.58,1
7.41,3.31,20.24,196.25,0
6.75,1.35,32.3,299.61,1
6.13,2.66,30.42,97.05,1
7.95,2.84,28.42,182.39,0
5.69,3.93,34.45,262.09,1
7.52,9.79,38.24,128.38,1
8.11,5.71,27.39,182.99,1
8.51,9.25,30.83,100.39,1
6.5,5.54,37.43,485.59,1
7.64,9.75,38.14,73.55,1
6.21,9.86,20.24,229.94,1
8.24,3.28,23.42,86.29,0
8.68,9.13,37.4,491.6,1
8.16,5.22,24.51,78.78,1
5.97,3.91,29.46,222.34,1
8.62,3.99,33.12,356.22,1
6.29,7.41,38.46,404.35,1
8.83,6.73,34.99,120.66,1
6.69,9.1,37.37,292.99,1
6.04,7.73,23.97,141.54,1
8.62,8.81,25.74,86.94,1
5.97,3.94,35.16,440.24,1
5.71,1.54,20.08,338.48,1
8.57,1.65,32.51,477.62,1
7.15,5.03,39.47,152.37,1
8.59,9.76,26.21,92.39,1
6.15,2.23,20.0,294.93,1
5.86,9.82,30.19,430.15,1
6.54,2.08,31.4,367.24,1
6.71,7.45,31.13,242.37,1
8.27,7.27,35.95,268.45,1
8.39,4.42,27.56,237.3,0
8.78,6.63,37.26,451.41,1
8.96,8.44,20.11,66.2,1
6.7,7.6,31.09,398.98,1
6.44,2.77,24.1,97.24,1
8.48,5.19,34.92,133.0,1
8.3,6.64,27.48,56.72,1
7.95,6.22,22.73,168.98,1
6.89,9.16,20.43,249.35,1
7.61,7.44,29.99,300.72,1
7.65,4.61,21.85,65.75,0
7.7,8.92,26.74,150.02,1
6.28,3.04,25.5,78.78,1
8.98,3.62,22.13,352.02,1
5.52,9.25,24.78,490.59,1
7.33,8.95,28.16,457.77,1
8.96,9.39,20.13,470.86,1
8.82,7.12,26.64,435.17,1
8.02,9.43,25.51,381.39,1
8.98,5.99,26.18,104.5,1
8.16,7.24,22.73,293.4,1
6.58,4.02,35.03,477.07,1
6.18,7.11,30.79,458.58,1
7.6,4.76,35.44,68.96,0
7.82,9.34,35.8,125.08,1
6.36,7.15,22.41,130.6,1
7.53,4.6,32.62,188.48,0
5.65,4.35,20.06,283.12,1
7.5,1.17,33.87,260.64,0
7.55,4.66,38.67,245.21,0
6.75,2.65,21.85,278.42,1
7.87,8.86,31.49,370.82,1
6.48,9.56,24.54,222.08,1
8.04,4.44,24.38,152.23,0
6.02,3.46,39.77,114.83,1
7.28,7.29,34.91,351.91,1
6.48,3.46,34.92,478.54,1
8.17,4.64,31.46,90.67,0
7.62,1.56,38.59,444.98,1
5.97,3.23,25.74,55.84,1
8.99,3.89,34.72,364.04,1
7.28,4.67,20.78,267.42,0
8.11,8.91,35.28,104.13,1
6.57,2.72,37.61,119.63,1
7.65,5.22,26.81,303.79,1
8.43,9.44,37.51,66.42,1
8.69,4.85,38.97,222.44,0
8.14,3.89,35.01,485.02,1
6.44,9.48,24.86,266.43,1
8.75,6.42,39.13,256.35,1
6.92,5.22,21.36,141.12,1
7.88,1.58,32.1,415.54,1
8.45,4.09,26.5,305.68,1
5.51,6.99,27.03,219.21,1
7.48,8.8,30.26,413.91,1
7.26,1.17,22.08,209.12,0
5.96,7.22,34.03,437.11,1
7.79,7.81,39.13,297.08,1
7.6,7.99,30.79,103.17,1
7.62,3.12,36.55,463.6,1
5.53,2.26,21.66,454.31,1
7.44,4.29,21.5,226.03,0
8.74,9.13,26.74,344.37,1
6.24,4.86,24.98,308.09,1
8.85,3.77,32.89,366.81,1
6.91,6.04,36.14,235.06,1
6.74,2.53,31.3,65.13,1
8.73,9.64,36.42,409.51,1
8.52,3.05,27.45,309.31,1
6.45,7.0,23.06,275.84,1
5.8,5.78,37.17,168.83,1
8.93,1.44,38.99,403.02,1
7.79,6.07,31.18,246.52,1
5.52,3.82,38.7,321.82,1
7.25,9.29,31.9,376.65,1
7.73,1.49,37.17,469.26,1
7.62,2.33,32.2,58.15,0
6.94,5.33,29.78,428.74,1
6.46,5.56,33.72,277.77,1
8.13,9.1,22.49,485.16,1
8.46,9.62,39.26,383.02,1
6.11,8.85,30.92,135.22,1
6.81,1.93,26.05,55.82,0
5.78,5.15,30.21,365.71,1
6.44,7.34,35.87,424.75,1
8.5,7.97,38.94,87.55,1
8.88,8.96,28.22,308.03,1
8.27,3.69,20.24,224.33,0
7.55,4.54,27.55,173.04,0
5.62,1.9,21.59,136.42,1
7.57,9.5,25.76,315.18,1
6.23,9.46,36.25,253.99,1
8.44,3.52,29.76,208.99,0
7.35,5.04,37.75,250.61,1
6.19,3.44,31.04,146.83,1
8.26,9.54,22.08,303.07,1
7.77,4.98,39.51,274.15,0
7.13,8.83,30.1,222.29,1
6.92,3.02,22.25,334.37,1
5.57,2.15,26.29,347.51,1
8.6,2.02,34.86,65.96,0
8.28,5.27,20.39,158.43,1
6.05,2.68,27.8,109.2,1
7.34,9.47,38.85,228.65,1
8.53,8.71,34.73,166.21,1
7.96,5.35,23.78,332.66,1
7.23,2.43,30.31,150.44,0
8.12,6.9,21.6,249.64,1
8.7,9.19,35.58,335.8,1
8.5,7.5,31.91,480.57,1
6.68,2.63,34.38,331.58,1
7.9,6.09,34.58,70.96,1
5.6,2.97,23.28,136.07,1
7.64,5.55,36.29,329.52,1
7.02,2.35,22.03,140.05,0
7.39,5.74,29.15,361.44,1
7.18,3.46,34.67,451.86,1
6.14,3.1,23.87,384.53,1
7.81,9.05,37.31,414.82,1
6.04,7.54,31.95,216.36,1
7.92,4.52,31.07,333.87,1
7.82,5.13,29.33,184.47,1
6.38,2.31,24.81,149.31,1
8.16,1.9,30.28,281.12,0
7.08,5.47,26.04,106.73,1
8.28,4.64,24.73,74.89,0
7.31,4.98,36.97,56.54,0
6.94,3.53,35.28,147.92,0
6.53,6.7,21.25,312.68,1
7.86,4.26,20.02,195.02,0
7.9,7.47,33.44,401.61,1
7.66,5.26,32.01,462.27,1
6.94,3.76,38.66,411.07,1
7.61,8.71,20.65,106.78,1
7.13,4.31,31.02,390.85,1
6.0,1.49,33.6,98.39,1
7.62,2.03,21.2,131.91,0
7.32,7.15,26.29,163.45,1
8.82,8.24,32.18,170.58,1
7.09,4.61,24.66,122.42,0
5.61,2.32,39.37,218.63,1
7.42,2.95,26.29,296.89,0
8.26,3.78,33.21,338.82,1
8.97,4.82,26.92,149.63,0
6.2,6.4,30.8,369.27,1
7.35,2.87,24.41,458.03,1
7.8,5.49,34.31,417.77,1
8.14,2.68,21.55,332.05,1
8.18,2.34,36.72,476.75,1
5.69,4.01,22.54,83.37,1
5.91,3.6,29.61,100.37,1
8.04,8.29,27.24,241.87,1
8.17,1.82,29.79,470.39,1
7.81,7.46,31.9,239.3,1
8.15,2.5,35.35,212.1,0
7.56,8.42,34.58,277.58,1
6.63,6.59,26.66,326.91,1
6.93,7.6,36.15,291.13,1
7.28,5.12,36.22,216.5,1
8.09,1.81,34.79,477.03,1
6.6,4.41,23.67,216.64,1
6.9,8.01,30.35,260.41,1
8.97,5.0,29.75,254.87,0
7.27,5.33,37.47,431.51,1
8.68,7.44,20.25,286.0,1
5.88,4.62,20.1,222.01,1
7.13,8.07,31.45,76.96,1
7.33,8.46,33.85,492.11,1
5.52,4.32,22.77,192.24,1
7.82,7.82,34.73,266.6,1
5.65,2.82,20.39,52.3,1
8.75,2.02,27.87,377.4,1
6.17,1.46,26.38,247.19,1
7.87,2.53,22.87,305.35,1
8.49,3.02,22.63,318.03,1
6.63,6.22,35.77,473.83,1
8.22,9.02,23.79,118.37,1
5.99,7.35,32.85,131.79,1
8.02,4.75,36.01,271.88,0
8.83,9.72,23.7,220.22,1
5.63,9.18,37.29,342.92,1
8.65,8.49,35.73,232.66,1
5.74,7.9,33.44,181.69,1
7.94,4.85,23.33,288.43,0
6.66,4.13,38.16,234.49,1
6.03,6.86,37.93,387.8,1
7.63,4.62,36.57,56.46,0
7.36,2.0,36.34,282.84,0
8.97,3.77,36.2,215.86,0
8.12,6.27,36.48,471.92,1
6.01,1.83,35.24,129.69,1
7.83,3.37,38.86,322.55,1
8.07,6.35,32.63,356.82,1
8.44,8.07,38.52,318.51,1
7.67,6.52,29.97,368.53,1
8.58,4.18,27.33,460.28,1
7.96,1.06,33.28,429.76,1
5.72,5.81,27.09,188.23,1
8.23,2.56,38.28,374.79,1
8.58,8.68,39.73,451.59,1
8.11,2.98,39.11,385.97,1
7.83,8.76,27.05,222.66,1
7.85,2.73,20.92,298.16,0
6.91,5.43,36.53,95.86,1
7.1,5.26,33.96,84.35,1
7.74,2.52,33.73,199.28,0
7.95,4.34,22.55,160.55,0
8.42,9.99,22.5,445.85,1
7.78,6.18,28.71,110.9,1
7.79,8.14,25.97,126.88,1
8.56,3.46,21.01,58.31,0
5.76,3.45,37.26,357.99,1
8.92,1.88,25.18,96.21,0
6.26,5.02,26.38,371.76,1
6.28,9.76,27.28,302.1,1
6.34,3.36,23.24,350.17,1
7.69,3.47,30.56,136.49,0
7.87,6.52,37.85,115.5,1
7.01,8.61,35.47,487.82,1
6.49,1.73,39.38,292.51,1
6.62,7.54,26.8,83.34,1
6.92,9.93,26.56,258.03,1
6.98,6.5,20.58,72.79,1
7.99,9.79,34.54,343.84,1
7.65,2.22,39.59,246.04,0
8.04,9.08,20.68,160.19,1
5.64,8.61,32.21,88.56,1
7.21,1.07,23.23,471.62,1
7.65,7.65,36.58,498.18,1
8.62,8.39,32.22,189.07,1
7.11,5.86,28.05,327.47,1
6.63,6.57,27.97,64.32,1
7.47,1.1,38.65,138.9,0
5.55,5.42,39.63,111.22,1
5.76,8.91,38.6,494.13,1
7.75,8.88,39.04,178.57,1
6.69,2.92,32.06,202.35,1
7.34,5.29,25.27,341.57,1
6.44,7.28,23.79,230.31,1
7.19,2.18,21.99,141.52,0
6.3,5.57,23.16,197.66,1
5.89,1.38,30.24,161.41,1
5.72,3.62,20.16,470.24,1
8.64,6.77,23.68,450.28,1
8.11,4.43,31.16,192.33,0
6.4,3.59,23.3,82.87,1
8.41,8.21,36.38,478.45,1
8.98,5.2,31.45,295.68,1
8.52,2.47,39.05,435.1,1
5.74,5.92,35.31,283.62,1
7.56,5.62,39.53,406.8,1
7.5,1.85,24.05,85.16,0
8.49,6.36,35.69,147.1,1
6.67,8.3,36.51,422.71,1
7.51,1.04,33.78,309.98,1
7.29,7.82,21.62,124.88,1
6.49,3.02,28.11,146.92,1
5.93,5.73,37.45,277.82,1
7.79,9.4,32.91,441.09,1
6.81,8.08,26.26,171.35,1
6.64,2.18,30.17,388.25,1
6.2,1.9,35.64,483.37,1
5.69,3.34,33.69,268.79,1
6.43,2.07,23.5,476.37,1
6.5,4.73,32.85,468.95,1
8.04,7.11,29.49,58.3,1
8.15,4.59,29.49,141.5,0
7.98,4.41,20.22,136.97,0
7.85,6.89,23.04,345.12,1
6.78,5.36,29.58,111.0,1
7.35,8.04,28.53,284.28,1
6.34,8.36,33.4,309.48,1
6.98,9.21,27.08,194.77,1
5.77,4.84,38.26,365.94,1
8.85,7.5,25.04,134.02,1
7.3,6.99,32.09,400.63,1
7.34,1.24,39.29,292.48,0
6.3,3.9,31.56,143.13,1
8.39,6.46,35.56,205.25,1
7.73,5.04,29.39,472.54,1
7.72,4.62,23.0,75.17,0
6.6,5.5,31.86,341.23,1
6.39,8.37,32.61,195.1,1
6.81,9.01,33.74,172.88,1
8.44,8.46,32.8,370.52,1
8.35,6.52,27.26,489.1,1
8.7,5.86,24.94,322.12,1
8.85,9.27,27.66,344.57,1
7.54,5.94,29.87,237.09,1
7.87,8.94,26.72,249.7,1
8.48,9.06,36.4,261.85,1
6.8,5.07,22.54,292.96,1
8.44,4.37,39.43,435.25,1
6.25,9.57,30.42,308.36,1
7.82,8.99,34.38,382.02,1
7.73,1.69,23.78,347.65,1
5.92,6.15,33.22,484.41,1
6.88,1.24,38.06,487.69,1
7.33,2.01,21.25,406.41,1
5.67,9.95,38.27,499.13,1
8.1,5.19,38.18,157.24,1
8.09,8.32,37.25,288.28,1
7.09,6.0,30.32,249.46,1
6.38,8.57,33.61,346.23,1
8.67,1.97,37.29,146.69,0
8.11,8.85,21.07,164.77,1
8.56,6.25,20.27,390.93,1
5.69,5.67,23.19,141.52,1
6.94,4.34,37.98,63.62,0
6.92,2.33,26.78,381.23,1
7.34,2.27,24.35,255.82,0
6.22,4.36,29.0,168.73,1
6.27,8.84,37.59,364.08,1
7.9,2.12,20.11,125.84,0
6.37,5.38,34.97,154.34,1
7.67,6.5,26.92,124.36,1
6.07,1.98,27.13,299.27,1
5.82,9.4,20.81,63.3,1
6.2,2.46,24.22,283.28,1
6.04,2.68,28.69,430.61,1
6.36,7.43,38.0,121.87,1
7.3,5.32,36.68,127.65,1
5.92,2.22,28.29,319.89,1
6.13,3.91,37.62,213.45,1
7.7,4.29,26.19,215.78,0
6.48,3.12,21.22,370.22,1
5.85,8.18,26.98,287.71,1
6.99,8.82,20.26,275.76,1
6.54,2.78,24.12,311.1,1
5.61,4.49,20.69,249.27,1
7.01,4.71,33.46,266.49,0
8.28,5.95,32.52,258.69,1
6.83,2.87,33.51,219.16,0
6.11,3.98,30.24,144.12,1
6.77,4.59,39.1,163.68,1
6.79,9.24,33.25,237.49,1
8.77,2.13,25.37,169.66,0
5.92,1.29,24.45,230.93,1
6.03,3.95,36.15,238.47,1
6.5,7.25,24.58,247.15,1
5.89,8.79,21.97,122.82,1
8.28,5.61,32.65,139.52,1
7.48,6.66,26.36,492.41,1
8.32,1.53,28.31,452.46,1
6.81,3.03,29.18,335.12,1
8.86,1.4,34.19,213.18,0
8.51,8.32,25.83,162.3,1
5.62,2.22,25.13,199.27,1
7.98,3.91,32.03,273.69,0
8.64,5.58,24.48,392.21,1
6.77,8.75,32.2,395.16,1
7.46,1.93,28.4,115.62,0
8.57,6.1,23.73,210.39,1
6.04,1.63,33.96,60.16,1
6.91,1.5,27.25,146.24,0
8.12,6.84,36.03,459.03,1
7.36,6.08,38.12,75.97,1
5.67,2.51,36.92,148.16,1
7.91,5.72,30.64,346.54,1
6.17,3.48,38.43,410.11,1
8.26,8.36,27.69,450.93,1
8.95,4.81,26.49,330.17,1
8.22,4.53,37.31,292.21,0
6.21,5.05,20.63,331.11,1
8.19,1.81,20.81,363.2,1
7.59,3.05,33.7,460.74,1
6.49,7.11,35.06,445.53,1
7.44,9.81,30.79,88.57,1
5.52,6.48,36.72,170.62,1
6.91,4.01,22.7,422.06,1
8.29,6.86,27.74,102.17,1
6.49,1.21,31.2,169.13,1
8.77,8.5,22.7,329.63,1
7.13,6.75,37.16,180.22,1
7.74,7.77,39.04,334.65,1
8.34,8.9,37.42,256.98,1
5.56,7.12,31.4,498.85,1
7.14,2.11,25.86,469.93,1
8.07,7.64,36.79,239.16,1
6.94,8.46,20.09,472.65,1
7.28,6.1,24.23,495.14,1
8.87,6.18,26.01,363.72,1
7.11,1.81,27.17,487.28,1
8.55,9.59,26.97,282.23,1
8.04,7.21,25.04,481.96,1
5.74,7.56,33.6,301.27,1
8.17,1.3,28.56,305.44,1
7.74,1.73,24.24,61.21,0
6.78,9.91,24.19,375.47,1
7.97,5.71,37.8,59.13,1
5.91,2.14,26.01,317.46,1
7.73,7.44,33.5,231.89,1
8.79,8.51,23.21,51.58,1
6.63,2.39,31.71,230.21,1
6.04,9.84,30.88,400.24,1
7.15,2.63,27.09,202.58,0
5.9,8.99,23.65,90.24,1
5.89,5.8,29.96,173.65,1
8.81,9.16,38.68,210.6,1
6.82,1.8,38.25,73.26,0
7.86,6.46,35.02,288.29,1
8.0,1.5,24.95,438.25,1
6.75,1.8,34.27,477.6,1
6.88,4.89,23.16,291.91,0
7.97,2.9,26.57,402.8,1
7.43,1.36,26.51,306.33,1
6.42,9.14,39.52,363.2,1
6.56,4.0,36.41,266.89,1
6.75,1.28,35.95,292.18,1
6.06,7.79,32.6,85.09,1
7.91,3.65,38.27,56.96,0
8.34,9.76,34.31,435.23,1
8.76,6.58,38.59,151.31,1
8.21,2.01,37.09,407.48,1
8.41,6.28,24.44,322.03,1
8.48,9.89,22.53,78.72,1
8.23,2.13,25.9,292.91,0
5.62,2.76,32.21,439.52,1
7.75,5.01,32.45,218.27,1
8.64,8.77,35.71,328.09,1
6.16,8.98,28.96,270.88,1
5.53,7.43,37.03,60.42,1
6.86,8.07,33.09,104.78,1
8.66,2.08,34.93,277.13,0
7.5,6.66,28.83,145.74,1
5.61,9.95,27.85,201.96,1
7.15,2.57,38.34,493.71,1
6.23,7.07,31.45,322.47,1
7.95,3.91,36.47,392.02,1
5.91,9.52,37.12,464.78,1
6.88,3.63,33.34,371.56,1
7.11,4.68,31.66,267.87,0
5.67,8.14,37.88,276.94,1
7.43,1.31,25.54,327.61,1
8.7,3.01,31.11,152.89,0
6.42,9.64,28.22,498.76,1
8.18,4.99,38.54,414.11,1
8.72,9.51,30.53,55.24,1
7.64,1.4,21.44,248.46,0
8.0,1.97,30.42,447.45,1
6.81,5.58,37.58,77.79,1
8.61,6.99,36.9,341.53,1
8.56,8.37,37.89,158.98,1
6.43,2.73,25.5,421.05,1
7.02,4.41,32.44,477.79,1
6.9,2.21,38.97,213.43,0
6.78,3.3,25.44,255.6,1
7.74,9.89,22.78,211.21,1
6.95,6.51,35.23,242.29,1
7.17,7.28,38.04,377.78,1
5.97,7.92,35.73,102.08,1
8.75,1.85,24.58,483.05,1
7.6,3.81,30.22,139.98,0
6.59,7.28,27.49,354.64,1
6.14,2.68,27.35,229.64,1
7.53,9.26,20.83,309.36,1
6.38,2.52,38.64,84.54,1
5.52,4.01,25.97,463.49,1
5.69,7.76,29.82,117.45,1
5.95,8.26,20.81,445.07,1
6.47,3.46,30.97,276.58,1
8.25,2.5,22.92,51.63,0
6.98,8.95,29.53,95.96,1
7.84,7.64,28.15,215.86,1
7.26,3.46,28.07,133.42,0
7.03,2.52,32.83,497.84,1
5.61,2.91,24.0,485.78,1
8.93,6.74,28.45,152.77,1
8.77,5.83,23.53,98.82,1
5.67,3.85,20.46,445.5,1
8.28,3.8,30.49,141.56,0
5.59,6.05,24.17,419.34,1
6.82,4.91,30.71,316.76,1
7.08,9.87,27.85,435.61,1
8.98,4.48,34.28,263.52,0
7.2,6.49,35.48,228.01,1
6.14,5.15,20.63,143.42,1
6.98,5.14,20.43,481.52,1
6.56,5.63,37.81,415.05,1
6.41,7.37,32.83,85.89,1
6.39,7.67,23.66,123.48,1
7.49,4.31,24.36,285.25,0
7.17,8.14,35.96,316.31,1
7.31,7.16,31.15,344.46,1
8.32,5.1,26.0,499.57,1
7.06,2.58,23.92,481.71,1
7.98,9.49,23.47,479.19,1
7.39,1.88,35.01,387.85,1
6.89,2.39,30.23,120.62,0
7.61,9.67,36.31,344.74,1
8.65,7.4,36.2,442.19,1
6.76,5.24,26.84,344.19,1
7.29,7.11,22.79,251.43,1
8.3,8.76,32.43,467.04,1
5.99,7.45,28.24,325.83,1
7.58,6.87,27.8,423.8,1
6.69,3.83,24.82,366.41,1
7.92,7.56,27.14,170.39,1
7.67,8.15,21.43,484.0,1
7.84,5.16,28.33,99.01,1
7.51,2.74,36.32,380.04,1
8.72,6.49,35.01,330.52,1
8.71,9.48,21.51,225.21,1
8.0,2.61,21.06,181.81,0
7.38,3.73,37.57,102.64,0
6.61,6.71,32.25,410.29,1
6.77,1.69,24.44,323.71,1
6.06,4.97,24.3,161.29,1
6.18,1.68,38.44,324.98,1
7.88,8.65,38.01,115.32,1
6.2,4.36,25.68,162.05,1
7.21,2.98,35.82,81.47,0
8.09,2.12,32.24,118.75,0
6.8,3.38,39.75,360.92,1
8.5,4.36,34.21,450.27,1
8.14,1.28,24.02,456.5,1
8.05,7.09,22.22,211.94,1
8.62,7.44,22.84,193.09,1
7.54,3.68,26.96,452.37,1
8.17,5.0,35.31,418.95,1
5.78,2.59,36.98,182.16,1
7.29,7.59,26.99,195.4,1
6.03,3.15,28.95,81.8,1
6.18,4.04,36.34,356.39,1
7.05,7.7,35.05,378.86,1
8.34,7.17,25.76,333.63,1
5.9,6.44,29.65,272.03,1
6.48,6.69,32.91,339.85,1
8.55,6.49,20.49,53.03,1
5.95,1.76,32.02,136.57,1
7.22,9.02,29.47,87.37,1
6.32,1.65,27.82,212.59,1
6.0,8.3,39.11,254.45,1
6.74,3.76,34.6,407.77,1
6.37,8.39,20.79,214.68,1
6.1,3.35,29.52,421.54,1
7.9,8.43,27.8,59.76,1
6.9,9.35,37.91,128.89,1
8.34,8.18,29.32,72.49,1
6.74,1.92,33.0,211.59,1
6.34,8.77,29.07,397.81,1
7.93,3.75,21.34,329.26,1
7.61,3.4,31.93,348.69,1
8.2,7.87,33.45,362.02,1
7.13,8.33,27.77,442.32,1
8.98,7.55,30.91,330.57,1
7.74,6.32,22.68,441.0,1
6.26,8.92,26.65,421.12,1
6.46,8.43,20.65,122.39,1
7.3,2.82,34.34,409.2,1
8.17,8.53,36.25,303.6,1
7.43,1.7,23.7,218.78,0
6.4,5.61,28.4,191.03,1
5.98,4.66,34.06,324.2,1
7.2,2.63,29.73,418.4,1
7.64,6.4,20.63,393.45,1
8.62,5.2,39.58,499.07,1
8.41,8.85,35.67,73.06,1
6.51,6.19,36.57,483.41,1
6.57,7.52,22.4,334.85,1
7.35,4.82,22.89,459.9,1
6.27,9.9,23.12,53.46,1
6.84,2.18,29.52,116.7,0
7.23,9.8,24.84,285.3,1
7.3,4.25,32.69,192.3,0
6.14,4.84,22.49,117.85,1
5.55,3.92,33.01,300.3,1
6.22,2.28,34.26,428.16,1
8.7,7.53,26.05,52.71,1
7.25,6.54,37.39,128.34,1
6.63,7.65,25.71,264.12,1
8.06,7.65,36.45,388.16,1
6.9,5.28,29.02,260.77,1
7.98,8.22,24.82,397.95,1
6.91,8.25,27.47,310.67,1
7.97,4.84,34.93,291.94,0
5.97,9.87,35.69,373.74,1
6.53,3.98,30.36,298.05,1
7.98,4.93,33.44,326.14,1
6.42,7.42,32.03,74.52,1
7.47,7.38,37.84,350.82,1
8.72,9.38,38.36,463.57,1
7.38,5.93,38.15,220.22,1
5.79,8.05,22.23,438.1,1
8.82,1.59,34.62,68.07,0
8.53,8.95,20.03,130.12,1
5.67,3.1,33.16,249.84,1
6.42,3.56,29.8,480.99,1
6.77,1.72,39.73,137.73,1
5.9,5.58,29.76,321.33,1
6.06,8.87,23.54,221.14,1
5.52,6.92,28.29,387.68,1
8.39,2.38,37.43,292.7,0
7.15,2.1,38.64,279.16,0
6.96,9.63,39.41,349.77,1
8.01,3.4,33.12,63.47,0
7.9,2.95,28.05,133.23,0
6.51,7.39,28.6,450.48,1
6.0,6.45,35.2,468.71,1
8.37,9.58,31.49,398.82,1
8.41,1.12,33.96,199.52,0
7.68,4.34,37.61,472.49,1
6.49,8.4,30.21,220.38,1
8.35,6.55,36.89,391.55,1
8.15,3.52,22.58,144.61,0
6.52,1.15,26.17,70.06,1
6.79,5.94,26.92,95.89,1
6.16,3.89,21.43,465.69,1
7.16,9.85,31.87,279.13,1
6.99,1.24,34.83,429.3,1
6.88,7.88,25.42,496.39,1
6.63,7.46,30.04,444.69,1
5.8,2.36,25.04,130.21,1
8.62,5.93,31.43,410.63,1
7.18,2.24,23.8,216.63,0
5.64,8.05,29.16,254.02,1
6.7,1.9,35.02,487.11,1
6.41,3.72,27.44,129.71,1
7.84,9.76,27.91,315.27,1
6.34,9.16,30.92,232.02,1
8.48,7.98,28.14,341.53,1
8.93,4.12,28.22,112.37,0
6.28,9.72,39.77,196.23,1
8.32,8.99,30.25,305.72,1
6.79,9.44,34.37,459.19,1
7.89,7.48,26.86,328.3,1
6.5,1.82,30.46,201.96,1
